,PO: REI3D101,Unnamed: 1,Route: REI-D101,Unnamed: 3,Unnamed: 4,Unnamed: 5,Unnamed: 6,Unnamed: 7,Unnamed: 8,Unnamed: 9,Unnamed: 10
0,Volgorde,Record,Recordklasse,Overzicht,Locatie,Activum,Beschrijving,Ploeg,Type werk,Status,Opmerkingen 
1,1,960741,WERKORDER,Ypenburgseboslaan,STADSENET,HLS0138,"Halte, NL:Q:42012501 Gruttosingel",REI,POH,KUITV,
2,2,960742,WERKORDER,Ypenburgseboslaan,STADSENET,HLS0140,"Halte, NL:Q:42012601 Guirlande",REI,POH,KUITV,
3,3,960743,WERKORDER,Ypenburgseboslaan,STADSENET,HLS0172,"Halte, NL:Q:42015902 Laan van Hoornwijck",REI,POH,KUITV,
4,4,960744,WERKORDER,Brasserkade 223,STADSENET,HLS0131,"Halte, NL:Q:42011202 Defensie",REI,POH,KUITV,
5,5,960745,WERKORDER,Brasserkade 227A,STADSENET,HLS0130,"Halte, NL:Q:42011201 Defensie",REI,POH,KUITV,
6,6,960746,WERKORDER,Rijswijksewaterweg,STADSENET,HLS0219,"Halte, NL:Q:42020002 van Essendijk",REI,POH,KUITV,
7,7,960747,WERKORDER,Rijswijksewaterweg,STADSENET,HLS0218,"Halte, NL:Q:42020001 van Essendijk",REI,POH,KUITV,
8,8,960748,WERKORDER,Rijswijksewaterweg,STADSENET,HLS0127,"Halte, NL:Q:42010102 Bottgerwater",REI,POH,KUITV,
9,9,960749,WERKORDER,Rijswijksewaterweg,STADSENET,HLS0126,"Halte, NL:Q:42010101 Bottgerwater",REI,POH,KUITV,
10,10,960750,WERKORDER,Rijswijksewaterweg,STADSENET,HLS0336,"Halte, NL:Q:42072901 Waterweegbree",REI,POH,KUITV,
11,11,960751,WERKORDER,Rijswijksewaterweg,STADSENET,HLS0337,"Halte, NL:Q:42072902 Waterweegbree",REI,POH,KUITV,
12,12,960752,WERKORDER,Ypenburgseboslaan,STADSENET,HLS0141,"Halte, NL:Q:42012602 Guirlande",REI,POH,KUITV,
13,13,960753,WERKORDER,Ypenburgseboslaan,STADSENET,HLS0139,"Halte, NL:Q:42012502 Gruttosingel",REI,POH,KUITV,
14,14,960754,WERKORDER,Libbelsingel/leliekeverstraat,STADSENET,HLS0163,"Halte, NL:Q:42015001 Leliekeverstraat",REI,POH,KUITV,
15,15,960755,WERKORDER,Houtkade/Wilgenkade,STADSENET,HLS0207,"Halte, NL:Q:42018702 Rotonde Houtkade",REI,POH,KUITV,
16,16,960756,WERKORDER,Houtkade/Wilgenkade,STADSENET,HLS0206,"Halte, NL:Q:42018701 Rotonde Houtkade",REI,POH,KUITV,
17,17,960757,WERKORDER,Libbelsingel/leliekeverstraat,STADSENET,HLS0164,"Halte, NL:Q:42015002 Leliekeverstraat",REI,POH,KUITV,
18,18,960758,WERKORDER,Mosselsingel/Jacobsmantelstraat,STADSENET,HLS0133,"Halte, NL:Q:42011802 Eendenplein",REI,POH,KUITV,
19,19,960759,WERKORDER,Mosselsingel/Jacobsmantelstraat,STADSENET,HLS0132,"Halte, NL:Q:42011801 Eendenplein",REI,POH,KUITV,
20,20,960760,WERKORDER,Noordkrompsingel,STADSENET,HLS0214,"Halte, NL:Q:42019801 Veenweg",REI,POH,KUITV,
21,21,960761,WERKORDER,Noordkrompsingel,STADSENET,HLS0215,"Halte, NL:Q:42019802 Veenweg",REI,POH,KUITV,
22,22,960762,WERKORDER,Maanweg/Regulusweg,STADSENET,HLT7119,"Halte, NL:Q:32007119 Maanweg",REI,POH,KUITV,
23,23,960763,WERKORDER,Maanweg/Regulusweg,STADSENET,HLT7120,"Halte, NL:Q:32007120 Maanweg",REI,POH,KUITV,
24,24,960764,WERKORDER,Verlengde Melkwegstraat/Maanweg,UITBEH,HLT7107,"Halte, NL:Q:32007107 Saturnusstraat",REI,POH,KUITV,Verwijderen
25,25,960765,WERKORDER,Zonweg 9,STADSENET,HLT3907,"Halte, NL:Q:32003907 Zonweg",REI,POH,KUITV,
26,26,960766,WERKORDER,Zonweg 9,STADSENET,HLT3908,"Halte, NL:Q:32003908 Zonweg",REI,POH,KUITV,
27,,,,,,,,,,,
28,PO: REI3D102,,Route: REI-D102,,,,,,,,
29,Volgorde,Record,Recordklasse,Overzicht,Locatie,Activum,Beschrijving,Ploeg,Type werk,Status,Opmerkingen 
30,1,961241,WERKORDER,Laan van Wateringseveld/Bostonsingel,STADSENET,HLS0184,"Halte, NL:Q:42017101 Noordweg",REI,POH,KUITV,
31,2,961242,WERKORDER,Laan van Wateringse Veld 583,STADSENET,HLS0155,"Halte, NL:Q:42013801 Hoge Veld",REI,POH,KUITV,
32,3,961243,WERKORDER,Laan van Wateringse Veld 925,STADSENET,HLS0194,"Halte, NL:Q:42017701 Oosteinde",REI,POH,KUITV,
33,4,961244,WERKORDER,Laan van Wateringse Veld 1209,STADSENET,HLS0161,"Halte, NL:Q:42014601 Lage Veld",REI,POH,KUITV,
34,5,961245,WERKORDER,Laan van Wateringse Veld 1507,STADSENET,HLS0198,"Halte, NL:Q:42017901 Parijsplein",REI,POH,KUITV,
35,6,961246,WERKORDER,Laan van wateringse Veld/Paul Steenbergenlaan,STADSENET,HLS0202,"Halte, NL:Q:42018201 Paul Steenbergenlaan",REI,POH,KUITV,
36,7,961247,WERKORDER,Laan van wateringse Veld/Waterkersvijver,STADSENET,HLS0203,"Halte, NL:Q:42018202 Paul Steenbergenlaan",REI,POH,KUITV,
37,8,961248,WERKORDER,Laan van Wateringse Veld 1444,STADSENET,HLS0199,"Halte, NL:Q:42017902 Parijsplein",REI,POH,KUITV,
38,9,961249,WERKORDER,Laan van Wateringse Veld 1048,STADSENET,HLS0162,"Halte, NL:Q:42014602 Lage Veld",REI,POH,KUITV,
39,10,961250,WERKORDER,Laan van Wateringse Veld 916,STADSENET,HLS0195,"Halte, NL:Q:42017702 Oosteinde",REI,POH,KUITV,
40,11,961251,WERKORDER,Laan van Wateringse Veld 458,STADSENET,HLS0156,"Halte, NL:Q:42013802 Hoge Veld",REI,POH,KUITV,
41,12,961252,WERKORDER,Laan van Wateringseveld / Havannasingel,STADSENET,HLS0185,"Halte, NL:Q:42017102 Noordweg",REI,POH,KUITV,
42,13,961253,WERKORDER,Erasmusweg 441,STADSENET,HLT3343,"Halte, NL:Q:32003343 Vrederustlaan",REI,POH,KUITV,
43,14,961254,WERKORDER,Erasmusweg/Beresteinlaan,STADSENET,HLT3340,"Halte, NL:Q:32003340 Ambachtsweg",REI,POH,KUITV,
44,15,961255,WERKORDER,Beresteinlaan 204,STADSENET,HLT3371,"Halte, NL:Q:32003371 Ambachtsweg",REI,POH,KUITV,
45,16,961256,WERKORDER,Erasmusweg 2000,STADSENET,HLT3357,"Halte, NL:Q:32003357 Lozerlaan",REI,POH,KUITV,
46,17,961257,WERKORDER,Erasmusweg 2000,STADSENET,HLT3339,"Halte, NL:Q:32003339 Lozerlaan",REI,POH,KUITV,
47,18,961258,WERKORDER,Erasmusweg/Beresteinlaan,STADSENET,HLT3341,"Halte, NL:Q:32003341 Ambachtsweg",REI,POH,KUITV,
48,19,961259,WERKORDER,Erasmusweg 441,STADSENET,HLT3342,"Halte, NL:Q:32003342 Vrederustlaan",REI,POH,KUITV,
49,20,961260,WERKORDER,Loevesteinlaan 895,STADSENET,HLT3612,"Halte, NL:Q:32003612 Cannenburglaan",REI,POH,KUITV,
50,21,961261,WERKORDER,Loevesteinlaan 588,STADSENET,HLT3613,"Halte, NL:Q:32003613 Cannenburglaan",REI,POH,KUITV,
51,22,961262,WERKORDER,Midachtenweg/Guntersteinweg,STADSENET,HLS0142,"Halte, NL:Q:42012701 Guntersteinweg",REI,POH,KUITV,
52,23,961263,WERKORDER,Midachtenweg/Guntersteinweg,STADSENET,HLS0143,"Halte, NL:Q:42012702 Guntersteinweg",REI,POH,KUITV,
53,24,,WERKORDER,Leyweg/Carry van Bruggenhof,STADSENET,HLT4015,"Halte, NL:Q:32004015 Carry van Bruggenhof",REI,POH,KUITV,Verplaatst van D103 naar D102
54,25,,WERKORDER,Leyweg/Carry van Bruggenhof,STADSENET,HLT4016,"Halte, NL:Q:32004016 Carry van Bruggenhof",REI,POH,KUITV,Verplaatst van D103 naar D102
55,,,,,,,,,,,
56,PO: REI3D103,,Route: REI-D103,,,,,,,,
57,Volgorde,Locatie,Activum,Activum status,Beschrijving activum/locatie,Beschrijving,Taakplan,,,,Opmerkingen 
58,1,,HLT3912,BEHEER,"Halte, NL:Q:32003912 Wegastraat",Brinckhorstlaan 170,REI-0023,,,,Verplaatst van D102 naar D103
59,2,,HLT3903,BEHEER,"Halte, NL:Q:32003903 Poolsterstraat",Brinckhorstlaan 46,REI-0023,,,,Verplaatst van D102 naar D103
60,3,,HLT3904,BEHEER,"Halte, NL:Q:32003904 Poolsterstraat",Brinckhorstlaan,REI-0023,,,,Verplaatst van D102 naar D103
61,4,,HLT3906,BEHEER,"Halte, NL:Q:32003906 Wegastraat",Mecuriusweg/Binckhorstlaan,REI-0023,,,,Verplaatst van D102 naar D103
62,5,,HLT3905,BEHEER,"Halte, NL:Q:32003905 Wegastraat",Brinckhorstlaan 125,REI-0023,,,,Verplaatst van D102 naar D103
63,6,,HLT7108,UITBEH,"Halte, NL:Q:32007108 Saturnusstraat",Verlengde Melkwegstraat/Maanweg,REI-0023,,,,Verwijderen
64,7,,HLS0307,BEHEER,"Halte, NL:Q:42058401 Harry Hoekstraat",Heulweg 45  Westland/Middendelfland,REI-0023,,,,
65,8,,HLS0308,BEHEER,"Halte, NL:Q:42058402 Harry Hoekstraat",Heulweg 54  Westland/Middendelfland,REI-0023,,,,
66,9,,HLS0309,BEHEER,"Halte, NL:Q:42058501 Plein",Herenstraat 2 Westland/Middendelfland,REI-0023,,,,
67,10,,HLS0304,BEHEER,"Halte, NL:Q:42058202 De Ark",Herenstraat 85 Westland/Middendelfland,REI-0023,,,,
68,11,,HLS0305,BEHEER,"Halte, NL:Q:42058201 De Ark",Herenstraat 85 Westland/Middendelfland,REI-0023,,,,
69,12,,HLS0235,BEHEER,"Halte, NL:Q:42022701 Zuidwerflaan",Bezuidenhoutseweg 480,REI-0023,,,,
70,13,,HLS0236,BEHEER,"Halte, NL:Q:42022702 Zuidwerflaan",Bezuidenhoutseweg 480,REI-0023,,,,
71,14,,HLS0152,BEHEER,"Halte, NL:Q:42013302 Hofzichtlaan",Bezuidenhoutseweg 429,REI-0023,,,,
72,15,,HLS0205,BEHEER,"Halte, NL:Q:42018502 Reigersbergenweg",Bezuidenhoutseweg/Reigersbergenweg,REI-0023,,,,
73,16,,HLS0129,BEHEER,"Halte, NL:Q:42010902 Carel Reinierszkade",Bezuidenhoutseweg 335,REI-0023,,,,
74,17,,HLS0183,BEHEER,"Halte, NL:Q:42017002 Laan van Nieuw Oost-Indie",Bezuidenhoutseweg 150,REI-0023,,,,
75,18,,HLS0125,BEHEER,"Halte, NL:Q:42009902 Boslaan",Bezuidenhoutseweg 30,REI-0023,,,,
76,19,,HLS0362,BEHEER,"Halte, NL:Q:54000670 Willem Witsenplein",Benoordenhoutseweg/Willem Witsenplein,REI-0023,,,,
77,20,,HLS0366,BEHEER,"Halte, NL:Q:54142010 Laan Van Clingendael",Benoordenhoutseweg,REI-0023,,,,
78,21,,HLS0367,BEHEER,"Halte, NL:Q:54142030 Louman Museum",Benoordenhoutseweg/Leidsestraatweg,REI-0023,,,,
79,22,,HLS0365,BEHEER,"Halte, NL:Q:54140330 Den Haag Viaduct",Benoordenhoutseweg/Viaduct N14,REI-0023,,,,
80,23,,HLS0368,BEHEER,"Halte, NL:Q:54142040 Louman Museum",Benoordenhoutseweg/Waaldorperlaan,REI-0023,,,,
81,24,,HLS0364,BEHEER,"Halte, NL:Q:54000730 Laan van Clingendael",Benoordenhoutseweg 254,REI-0023,,,,
82,25,,HLS0363,BEHEER,"Halte, NL:Q:54000680 Willem Witsenplein",Benoordenhoutseweg 227,REI-0023,,,,
83,26,,HLS0124,BEHEER,"Halte, NL:Q:42009901 Boslaan",Bezuidenhoutseweg 30,REI-0023,,,,
84,27,,HLS0182,BEHEER,"Halte, NL:Q:42017001 Laan van Nieuw Oost-Indie",Bezuidenhoutseweg 225,REI-0023,,,,
85,28,,HLS0128,BEHEER,"Halte, NL:Q:42010901 Carel Reinierszkade",Bezuidenhoutseweg 379,REI-0023,,,,
86,29,,HLS0204,BEHEER,"Halte, NL:Q:42018501 Reigersbergenweg",Bezuidenhoutseweg/Reigersbergenweg,REI-0023,,,,
87,30,,HLS0151,BEHEER,"Halte, NL:Q:42013301 Hofzichtlaan",Bezuidenhoutseweg 429,REI-0023,,,,
88,,,,,,,,,,,
89,PO: REI3D104,,Route: REI-D104,,,,,,,,
90,Volgorde,Locatie,Activum,Activum status,Beschrijving activum/locatie,Beschrijving,Taakplan,Inspectieformulier,Naam,,
91,1,,HLT2636,BEHEER,"Halte, NL:Q:32002636 Laan van Nieuw Oost Indië",Theresiastraat 162,REI-0023,,,,aanpast in volgorde naar plek 1
92,2,,HLT2504,BEHEER,"Halte, NL:Q:32002504 Reigersbergenweg",Vlaskamp 520,REI-0023,,,,
93,3,,HLT2502,BEHEER,"Halte, NL:Q:32002502 Overbosch",Vlaskamp/Haverkamp,REI-0023,,,,
94,4,,HLT2641,BEHEER,"Halte, NL:Q:32002641 De Eerensplein",De Eerensplein 10,REI-0023,,,,
95,5,,HLT2640,BEHEER,"Halte, NL:Q:32002640 Spaarwaterstraat",Theresiastraat 356-312,REI-0023,,,,
96,6,,HLT2635,BEHEER,"Halte, NL:Q:32002635 Laan van Nieuw Oost Indië",Theresiastraat 162,REI-0023,,,,
97,7,,HLT2639,BEHEER,"Halte, NL:Q:32002639 Spaarwaterstraat",Theresiastraat 284,REI-0023,,,,
98,8,,HLT2642,BEHEER,"Halte, NL:Q:32002642 De Eerensplein",De Eerensplein 29,REI-0023,,,,
99,9,,HLT2501,BEHEER,"Halte, NL:Q:32002501 Overbosch",Vlaskamp/Haverkamp,REI-0023,,,,
100,10,,HLT2503,BEHEER,"Halte, NL:Q:32002503 Reigersbergenweg",Diamanthorst 43,REI-0023,,,,
101,11,,HLT2506,BEHEER,"Halte, NL:Q:32002506 Barnsteenhorst",Diamanthorst 187,REI-0023,,,,
102,12,,HLT2505,BEHEER,"Halte, NL:Q:32002505 Barnsteenhorst",Diamanthorst 187,REI-0023,,,,
103,13,,HLT2507,BEHEER,"Halte, NL:Q:32002507 Saffierhorst",Diamanthorst/Komalijnhorst,REI-0023,,,,
104,14,,HLT2508,BEHEER,"Halte, NL:Q:32002508 Saffierhorst",Diamanthorst/Komalijnhorst,REI-0023,,,,
105,15,,HLS0157,BEHEER,"Halte, NL:Q:42014101 Juliana van Stolberglaan",Prinses Beatrixlaan 3,REI-0023,,,,Verplaatst van D105 naar D104
106,16,,HLS0316,BEHEER,"Halte, NL:Q:42067702 Prinses Marijkestraat",Prinses Beatrixlaan 15,REI-0023,,,,Verplaatst van D105 naar D104
107,17,,HLS0147,BEHEER,"Halte, NL:Q:42013101 Haagse Poort",Prinses Beatrixlaan 31,REI-0023,,,,Verplaatst van D105 naar D104
108,18,,HLS0148,BEHEER,"Halte, NL:Q:42013102 Haagse Poort",Prinses Beatrixlaan 800,REI-0023,,,,Verplaatst van D105 naar D104
109,19,,HLS0315,BEHEER,"Halte, NL:Q:42067701 Prinses Marijkestraat",Prinses Beatrixlaan 400,REI-0023,,,,Verplaatst van D105 naar D104
110,20,,HLT2649,BEHEER,"Halte, NL:Q:32002649 Juliana van Stolberglaan",Laan van Nieuw Oost Indië 142,REI-0023,,,,Verplaatst van D105 naar D104
111,21,,HLT2637,BEHEER,"Halte, NL:Q:32002637 Theresiastraat",Laan van Nieuw Oost Indië 44A,REI-0023,,,,Verplaatst van D105 naar D104
112,,,,,,,,,,,
113,PO: REI3D105,,Route: REI-D105,,,,,,,,
114,Volgorde,Locatie,Activum,Activum status,Beschrijving activum/locatie,Beschrijving,Taakplan,Inspectieformulier,Naam,,
115,1,,HLT3844,BEHEER,"Halte, NL:Q:32003844 Stieltjesstraat",Neherkade 3140,REI-0023,,,,
116,2,,HLT3843,BEHEER,"Halte, NL:Q:32003843 Stieltjesstraat",Neherkade 3140,REI-0023,,,,
117,3,,HLT3858,BEHEER,"Halte, NL:Q:32003858 Megastores",Megastores 214,REI-0023,,,,
118,4,,HLT3857,BEHEER,"Halte, NL:Q:32003857 Megastores",Waldorptraat 274,REI-0023,,,,
119,5,,HLT3860,BEHEER,"Halte, NL:Q:32003860 Megastores hoofdingang",Waldorptraat 45,REI-0023,,,,
120,6,,HLT3859,BEHEER,"Halte, NL:Q:32003859 Megastores hoofdingang",Waldorptraat 162,REI-0023,,,,
121,7,,HLT3847,BEHEER,"Halte, NL:Q:32003847 Station Hollands Spoor",Waldorptraat 111,REI-0023,,,,
122,8,,HLT3847,BEHEER,"Halte, NL:Q:32003847 Station Hollands Spoor",Waldorptraat 111,REI-0023,,,,
123,9,,HLT3847,BEHEER,"Halte, NL:Q:32003847 Station Hollands Spoor",Waldorptraat 111,REI-0023,,,,
124,10,,HLT3847,BEHEER,"Halte, NL:Q:32003847 Station Hollands Spoor",Waldorptraat 111,REI-0023,,,,
125,11,,HLT2874,BEHEER,"Halte, NL:Q:32002874 Kneuterdijk",Kneuterdijk 24,REI-0023,,,,Afgesproken dat we het zo laten
126,12,,HLT2873,BEHEER,"Halte, NL:Q:32002873 Kneuterdijk",Lange voorhout 1A,REI-0023,,,,Afgesproken dat we het zo laten
127,13,,HLT2857,BEHEER,"Halte, NL:Q:32002857 Nieuwe Haven",Schedeldoekshaven 60,REI-0023,,,,Afgesproken dat we het zo laten
128,14,,HLT2858,BEHEER,"Halte, NL:Q:32002858 Nieuwe Haven",Ammunitiehaven 191,REI-0023,,,,Afgesproken dat we het zo laten
129,15,,HLT3820,BEHEER,"Halte, NL:Q:32003820 Jonckbloetplein",de Genesteltlaan 122,REI-0023,,,,Verplaatst van D104 naar D105
130,16,,HLT3833,BEHEER,"Halte, NL:Q:32003833 Jan van Beersstraat",Jan van Beersstraat 1-23,REI-0023,,,,Verplaatst van D104 naar D105
131,17,,HLT3834,BEHEER,"Halte, NL:Q:32003834 Jan van Beersstraat",Jan van Beersstraat 1-23,REI-0023,,,,Verplaatst van D104 naar D105
132,18,,HLT3819,BEHEER,"Halte, NL:Q:32003819 Jonckbloetplein",de Genesteltlaan 122,REI-0023,,,,Verplaatst van D104 naar D105
133,19,,HLT3807,BEHEER,"Halte, NL:Q:32003807 Neherkade",Slachthuislaan 20,REI-0023,,,,Verplaatst van D104 naar D105
134,20,,HLT3808,BEHEER,"Halte, NL:Q:32003808 Neherkade",Slachthuislaan 25,REI-0023,,,,Verplaatst van D104 naar D105
135,,,,,,,,,,,
136,PO: REI3D106,,Route: REI-D106,,,,,,,,
137,Volgorde,Locatie,Activum,Activum status,Beschrijving activum/locatie,Beschrijving,Taakplan,Inspectieformulier,Naam,,
138,1,,HLT2633,BEHEER,"Halte, NL:Q:32002633 Koningin Marialaan",Theresiastraat 34,REI-0023,,,,
139,2,,HLT2634,BEHEER,"Halte, NL:Q:32002634 Koningin Marialaan",Theresiastraat 34,REI-0023,,,,
140,3,,HLT2631,BEHEER,"Halte, NL:Q:32002631 Prins Clauslaan",Theresiastraat 2,REI-0023,,,,
141,4,,HLT2632,BEHEER,"Halte, NL:Q:32002632 Prins Clauslaan",Theresiastraat 12D,REI-0023,,,,
142,5,,HLT2638,BEHEER,"Halte, NL:Q:32002638 Theresiastraat",Laan van Nieuw Oost Indië 121,REI-0023,,,,
143,6,,HLT2650,BEHEER,"Halte, NL:Q:32002650 Juliana van Stolberglaan",Laan van Nieuw Oost Indië 145,REI-0023,,,,
144,7,,HLS0158,BEHEER,"Halte, NL:Q:42014102 Juliana van Stolberglaan",Juliana van Stoberglaan 20,REI-0023,,,,
145,8,,HLT0447,BEHEER,"Halte, NL:Q:32000447 Wassenaarseweg",Oostduinlaan 40,REI-0023,,,,
146,9,,HLT0448,BEHEER,"Halte, NL:Q:32000448 Wassenaarseweg",Oostduinlaan 40,REI-0023,,,,
147,10,,HLT0436,BEHEER,"Halte, NL:Q:32000436 Weissenbruchstraat",Jan van Nassaustraat 62,REI-0023,,,,
148,11,,HLT0437,BEHEER,"Halte, NL:Q:32000437 Weissenbruchstraat",Jozef Israellaan 37,REI-0023,,,,
149,12,,HLT0427,BEHEER,"Halte, NL:Q:32000427 Jozef Israëlsplein",Jozef Israelplein 36,REI-0023,,,,
150,13,,HLT0426,BEHEER,"Halte, NL:Q:32000426 Jozef Israëlsplein",Wassenaarseweg,REI-0023,,,,
151,14,,HLT0428,BEHEER,"Halte, NL:Q:32000428 Van Hoytemastraat",Wassenaarseweg 89,REI-0023,,,,
152,15,,HLT0429,BEHEER,"Halte, NL:Q:32000429 Van Hoytemastraat",Wassenaarseweg105,REI-0023,,,,
153,16,,HLT0440,BEHEER,"Halte, NL:Q:32000440 Breitnerlaan",Hart Nibbrigkade 6774,REI-0023,,,,
154,17,,HLT0431,BEHEER,"Halte, NL:Q:32000431 Wassenaarseweg",van Alkemadelaan 220,REI-0023,,,,
155,18,,HLT0416,BEHEER,"Halte, NL:Q:32000416 Ruychrocklaan",van Alkemadelaan 131,REI-0023,,,,
156,19,,HLT0404,BEHEER,"Halte, NL:Q:32000404 HMC Bronovo",van Alkemadelaan 289,REI-0023,,,,
157,20,,HLT0406,BEHEER,"Halte, NL:Q:32000406 Waalsdorperweg",Waalsdorperweg 189,REI-0023,,,,
158,21,,HLT0405,BEHEER,"Halte, NL:Q:32000405 Waalsdorperweg",Waalsdorperweg 235,REI-0023,,,,
159,22,,HLT0408,BEHEER,"Halte, NL:Q:32000408 Stalpertstraat",Theo Mann Bouwmeesterlaan 1,REI-0023,,,,
160,23,,HLT0409,BEHEER,"Halte, NL:Q:32000409 Theo Mann Bouwmeesterlaan",Theo Mann Bouwmeesterlaan 62,REI-0023,,,,
161,24,,HLT0407,BEHEER,"Halte, NL:Q:32000407 Else Mauhslaan",Else Mauhslaan 2,REI-0023,,,,
162,25,,HLT0410,BEHEER,"Halte, NL:Q:32000410 Waalsdorperweg",Oude Waaldorperweg/van der Aastraat,REI-0023,,,,
163,,,,,,,,,,,
164,PO: REI3D107,,Route: REI-D107,,,,,,,,
165,Volgorde,Locatie,Activum,Activum status,Beschrijving activum/locatie,Beschrijving,Taakplan,Inspectieformulier,Naam,,
166,1,,HLT0402,BEHEER,"Halte, NL:Q:32000402 HMC Bronovo",van Hogenhoucklaan 142,REI-0023,,,,
167,2,,HLT0401,BEHEER,"Halte, NL:Q:32000401 HMC Bronovo",van Hogenhoucklaan 134,REI-0023,,,,
168,3,,HLT0403,BEHEER,"Halte, NL:Q:32000403 HMC Bronovo",van Alkemadelaan 674,REI-0023,,,,
169,4,,HLT0413,BEHEER,"Halte, NL:Q:32000413 Van der Woertstraat",Ruychrocklaan 92,REI-0023,,,,
170,5,,HLT0411,BEHEER,"Halte, NL:Q:32000411 Oostduinlaan",Oostduinlaan 95,REI-0023,,,,
171,6,,HLT0418,BEHEER,"Halte, NL:Q:32000418 Groenhovenstraat",Oostduinlaan/Groenhovenstraat,REI-0023,,,,
172,7,,HLT0417,BEHEER,"Halte, NL:Q:32000417 Groenhovenstraat",Oostduinlaan 79,REI-0023,,,,
173,8,,HLT0412,BEHEER,"Halte, NL:Q:32000412 Oostduinlaan",Ruychrocklaan 26,REI-0023,,,,
174,9,,HLT0414,BEHEER,"Halte, NL:Q:32000414 Van der Woertstraat",Ruychrocklaan 86,REI-0023,,,,
175,10,,HLT0415,BEHEER,"Halte, NL:Q:32000415 Ruychrocklaan",van Alkemadelaan 350,REI-0023,,,,
176,11,,HLT0430,BEHEER,"Halte, NL:Q:32000430 Wassenaarseweg",van Alkemadelaan 84,REI-0023,,,,
177,12,,HLS0363,BEHEER,"Halte, NL:Q:54000680 Willem Witsenplein",Benoordenhoutseweg,REI-0023,,,,
178,13,,HLT0603,BEHEER,"Halte, NL:Q:32000603 Madurodam",Dr. Alleta Jaconsweg Ver-Huëllweg,REI-0023,,,,
179,14,,HLT0604,BEHEER,"Halte, NL:Q:32000604 Madurodam",Dr. Alleta Jaconsweg Ver-Huëllweg,REI-0023,,,,
180,15,,HLT0605,BEHEER,"Halte, NL:Q:32000605 Kerkhoflaan",Bankastraat/Kerkhoflaan,REI-0023,,,,
181,16,,HLT0503,BEHEER,"Halte, NL:Q:32000503 Bankaplein",Bankastraat 133,REI-0023,,,,
182,17,,HLT0504,BEHEER,"Halte, NL:Q:32000504 Bankaplein",Bankastraat 100,REI-0023,,,,
183,18,,HLT2401,BEHEER,"Halte, NL:Q:32002401 Malieveld",REI-POH Reinigen Abri (unit-230) en Hekwerk (unit-231),REI-0023,,,,
184,19,,HLT2403,BEHEER,"Halte, NL:Q:32002403 Malieveld",Koningskade 1,REI-0023,,,,
185,20,,HLT0226,BEHEER,"Halte, NL:Q:32000226 Doorniksestraat",Doorniksestraat 29,REI-0023,,,,
186,21,,HLT0225,BEHEER,"Halte, NL:Q:32000225 Doorniksestraat",Gentsestraat 179,REI-0023,,,,
187,22,,HLT0310,BEHEER,"Halte, NL:Q:32000310 Maurits de Brauwweg",van Alkemadelaan 1120,REI-0023,,,,
188,23,,HLT0309,BEHEER,"Halte, NL:Q:32000309 Maurits de Brauwweg",van Alkemadelaan/Maurits de Brauwweg,REI-0023,,,,
189,24,,HLT0224,BEHEER,"Halte, NL:Q:32000224 Duinkerksestraat",Stevinstraat 302,REI-0023,,,,
190,25,,HLT0223,BEHEER,"Halte, NL:Q:32000223 Duinkerksestraat",Stevinstraat 247,REI-0023,,,,
191,26,,HLT0222,BEHEER,"Halte, NL:Q:32000222 Gentsestraat",Stevinstraat 140,REI-0023,,,,
192,,,,,,,,,,,
193,PO: REI3D108,,Route: REI-D108,,,,,,,,
194,Volgorde,Locatie,Activum,Activum status,Beschrijving activum/locatie,Beschrijving,Taakplan,Inspectieformulier,Naam,,
195,1,,HLT0220,BEHEER,"Halte, NL:Q:32000220 Stevinstraat",Badhuisweg 41,REI-0023,,,,
196,2,,HLT0219,BEHEER,"Halte, NL:Q:32000219 Stevinstraat",Badhuisweg 47,REI-0023,,,,
197,3,,HLT0218,BEHEER,"Halte, NL:Q:32000218 Harstenhoekplein",Harstenbroekweg 85,REI-0023,,,,
198,4,,HLT0217,BEHEER,"Halte, NL:Q:32000217 Harstenhoekplein",Harstenbroekweg 46,REI-0023,,,,
199,5,,HLT0229,BEHEER,"Halte, NL:Q:32000229 Kurhausweg",Kurhausweg 2,REI-0023,,,,
200,6,,HLT0205,BEHEER,"Halte, NL:Q:32000205 Kurhausweg",Kurhausweg 1,REI-0023,,,,
201,7,,HLT0726,BEHEER,"Halte, NL:Q:32000726 Nieuwe Parklaan",Nieuwe duinweg 21,REI-0023,,,,
202,8,,HLT0727,BEHEER,"Halte, NL:Q:32000727 Nieuwe Parklaan",Nieuwe duinweg 21,REI-0023,,,,
203,9,,HLT0725,BEHEER,"Halte, NL:Q:32000725 Haringkade",Duinweg 1,REI-0023,,,,
204,10,,HLT0734,BEHEER,"Halte, NL:Q:32000734 Rusthoekstraat",Kanaalweg 31,REI-0023,,,,
205,11,,HLT0734,BEHEER,"Halte, NL:Q:32000734 Rusthoekstraat",Kanaalweg 5A,REI-0023,,,,
206,12,,HLT0724,BEHEER,"Halte, NL:Q:32000724 Haringkade",Duinweg 1,REI-0023,,,,
207,13,,HLT3201,BEHEER,"Halte, NL:Q:32003201 Volendamlaan",Volendamlaan 1272,REI-0023,,,,
208,14,,HLT3202,BEHEER,"Halte, NL:Q:32003202 Volendamlaan",Volendamlaan 1158,REI-0023,,,,
209,15,,HLT1924,BEHEER,"Halte, NL:Q:32001924 Okkernootstraat",Thorbeckelaan 103,REI-0023,,,,
210,16,,HLT1914,BEHEER,"Halte, NL:Q:32001914 Thorbeckelaan",Thorbeckelaan/Appelstraat,REI-0023,,,,
211,17,,HLT1911,BEHEER,"Halte, NL:Q:32001911 Appelstraat",Thorbeckelaan 433,REI-0023,,,,
212,18,,HLT1907,BEHEER,"Halte, NL:Q:32001907 Colijnplein",Thorbeckelaan 701,REI-0023,,,,
213,19,,HLT1908,BEHEER,"Halte, NL:Q:32001908 Colijnplein",Thorbeckelaan 350,REI-0023,,,,
214,20,,HLT1912,BEHEER,"Halte, NL:Q:32001912 Appelstraat",Thorbeckelaan 268,REI-0023,,,,
215,21,,HLT1913,BEHEER,"Halte, NL:Q:32001913 Thorbeckelaan",Thorbeckelaan/Appelstraat,REI-0023,,,,
216,22,,HLT1923,BEHEER,"Halte, NL:Q:32001923 Okkernootstraat",Thorbeckelaan 134,REI-0023,,,,
217,26,,HLT3408,BEHEER,"Halte, NL:Q:32003408 Almeloplein",Meppelweg 53,REI-0023,,,,Uit de route halen
218,,,,,,,,,,,
219,PO: REI3D109,,Route: REI-D109,,,,,,,,
220,Volgorde,Locatie,Activum,Activum status,Beschrijving activum/locatie,Beschrijving,Taakplan,Inspectieformulier,Naam,,
221,1,,HLT1107,BEHEER,"Halte, NL:Q:32001107 Kunstmuseum/Museon",Stadhouderslaan 37,REI-0023,,,,
222,2,,HLT1106,BEHEER,"Halte, NL:Q:32001106 Kunstmuseum/Museon",Cornelis de Wittlaan 41,REI-0023,,,,
223,3,,HLT1125,BEHEER,"Halte, NL:Q:32001125 Cornelis de Wittlaan",Aert vd Goesstraat 64,REI-0023,,,,
224,4,,HLT0930,BEHEER,"Halte, NL:Q:32000930 Aert van der Goesstraat",Cornelis de Wittlaan 43,REI-0023,,,,
225,5,,HLT0932,BEHEER,"Halte, NL:Q:32000932 Van Boetzelaerlaan",Cornelis de Wittlaan 684,REI-0023,,,,
226,6,,HLT0920,BEHEER,"Halte, NL:Q:32000920 World Forum",Eisenhowerlaan 128,REI-0023,,,,
227,7,,HLT0919,BEHEER,"Halte, NL:Q:32000919 World Forum",Eisenhowerlaan 73,REI-0023,,,,
228,8,,HLT0944,BEHEER,"Halte, NL:Q:32000944 Statenkwartier",Eisenhowerlaan 50,REI-0023,,,,
229,12,,HLT0908,BEHEER,"Halte, NL:Q:32000908 Frederik Hendriklaan",Statenlaan 31,REI-0023,,,,
230,13,,HLT0912,BEHEER,"Halte, NL:Q:32000912 Frederik Hendriklaan",Statenlaan 36,REI-0023,,,,
231,14,,HLT0910,BEHEER,"Halte, NL:Q:32000910 Prins Mauritsplein",Prins Mauritsplein 24,REI-0023,,,,
232,15,,HLT0911,BEHEER,"Halte, NL:Q:32000911 Prins Mauritsplein",Prins Mauritsplein 24,REI-0023,,,,
233,16,,HLT0905,BEHEER,"Halte, NL:Q:32000905 Scheveningseweg",Frankenslag 2,REI-0023,,,,
234,17,,HLT0904,BEHEER,"Halte, NL:Q:32000904 Scheveningseweg",Frankenslag 2,REI-0023,,,,
235,18,,HLT0732,BEHEER,"Halte, NL:Q:32000732 Statenlaan",Westduinweg 138A,REI-0023,,,,
236,19,,HLT0730,BEHEER,"Halte, NL:Q:32000730 Douzastraat",Duinstraat 40,REI-0023,,,,
237,20,,HLT0807,BEHEER,"Halte, NL:Q:32000807 Nieboerweg",Tesselsestraat 43,REI-0023,,,,
238,21,,HLT0804,BEHEER,"Halte, NL:Q:32000804 Tesselseplein",Pluvierstraat 275,REI-0023,,,,
239,22,,HLT0803,BEHEER,"Halte, NL:Q:32000803 Tesselseplein",Tesselseplein 68,REI-0023,,,,
240,23,,HLT0808,BEHEER,"Halte, NL:Q:32000808 Nieboerweg",Tesselsestraat 27,REI-0023,,,,
241,24,,HLT0744,BEHEER,"Halte, NL:Q:32000744 Dr. Lelykade",Kranenburgweg 136,REI-0023,,,,
242,,,,,,,,,,,
243,PO: REI3D110,,Route: REI-D110,,,,,,,,
244,Volgorde,Locatie,Activum,Activum status,Beschrijving activum/locatie,Beschrijving,Taakplan,Inspectieformulier,Naam,,
245,1,,HLT0731,BEHEER,"Halte, NL:Q:32000731 Douzastraat",Westduinweg 73H,REI-0023,,,,
246,2,,HLT0732,BEHEER,"Halte, NL:Q:32000732 Statenlaan",Westduinweg 193,REI-0023,,,,
247,3,,HLT0718,BEHEER,"Halte, NL:Q:32000718 Duinstraat",Westduinweg 1439,REI-0023,,,,
248,4,,HLT0719,BEHEER,"Halte, NL:Q:32000719 Duinstraat",Westduinweg 193,REI-0023,,,,
249,5,,HLT1103,BEHEER,"Halte, NL:Q:32001103 Cornelis de Wittlaan",Aert van der Goesstraat 64,REI-0023,,,,
250,6,,HLT0515,BEHEER,"Halte, NL:Q:32000515 Alexanderplein",Javastraat 2C,REI-0023,,,,
251,7,,HLT0510,BEHEER,"Halte, NL:Q:32000510 Nassauplein",Nassauplein 25,REI-0023,,,,
252,8,,HLT0511,BEHEER,"Halte, NL:Q:32000511 Nassauplein",Nassauplein 5,REI-0023,,,,
253,9,,HLT0516,BEHEER,"Halte, NL:Q:32000516 Alexanderplein",Javastraat 2C,REI-0023,,,,
254,10,,HLT1123,BEHEER,"Halte, NL:Q:32001123 Laan van Meerdervoort",Groot Hertoginnelaan 2,REI-0023,,,,
255,11,,HLT1118,BEHEER,"Halte, NL:Q:32001118 Banstraat",Groot Hertoginnelaan 32,REI-0023,,,,
256,12,,HLT1112,BEHEER,"Halte, NL:Q:32001112 Valeriusstraat",Groot Hertoginnelaan 121A,REI-0023,,,,
257,13,,HLT1113,BEHEER,"Halte, NL:Q:32001113 Valeriusstraat",Valeriusstraat 1A,REI-0023,,,,
258,14,,HLT1110,BEHEER,"Halte, NL:Q:32001110 Conradkade",Groot Hertoginnelaan/Morsestraat,REI-0023,,,,
259,15,,HLT2013,BEHEER,"Halte, NL:Q:32002013 Valkenbosplein",Valkenboslaan 1A,REI-0023,,,,
260,16,,HLT2017,BEHEER,"Halte, NL:Q:32002017 Copernicusplein",Copernicusplein 12,REI-0023,,,,
261,17,,HLT2021,BEHEER,"Halte, NL:Q:32002021 Weimarstraat",Valkenboslaan 173,REI-0023,,,,
262,,,,,,,,,,,
263,PO: REI3D111,,Route: REI-D111,,,,,,,,
264,Volgorde,Locatie,Activum,Activum status,Beschrijving activum/locatie,Beschrijving,Taakplan,Inspectieformulier,Naam,,
265,1,,HLT2019,BEHEER,"Halte, NL:Q:32002019 Kamperfoeliestraat",Mient 136,REI-0023,,,,
266,2,,HLT1917,BEHEER,"Halte, NL:Q:32001917 Laan van Eik en Duinen",Mient 107,REI-0023,,,,
267,3,,HLT1916,BEHEER,"Halte, NL:Q:32001916 Perenstraat",Mient 371,REI-0023,,,,
268,4,,HLT1918,BEHEER,"Halte, NL:Q:32001918 Laan van Eik en Duinen",Mient 273,REI-0023,,,,
269,5,,HLT2020,BEHEER,"Halte, NL:Q:32002020 Kamperfoeliestraat",Mient 136,REI-0023,,,,
270,6,,HLT2022,BEHEER,"Halte, NL:Q:32002022 Weimarstraat",Valkenboslaan 188,REI-0023,,,,
271,7,,HLT2018,BEHEER,"Halte, NL:Q:32002018 Copernicusplein",Valkenboslaan 76,REI-0023,,,,
272,8,,HLT2012,BEHEER,"Halte, NL:Q:54002012 Valkenbosplein",Beeklaan 387,REI-0023,,,,
273,9,,HLT1111,BEHEER,"Halte, NL:Q:32001111 Conradkade",Groot Hertoginnelaan/Morsestraat,REI-0023,,,,
274,10,,HLT1117,BEHEER,"Halte, NL:Q:32001117 Banstraat",Groot Hertoginnelaan 34,REI-0023,,,,
275,11,,HLT1124,BEHEER,"Halte, NL:Q:32001124 Laan van Meerdervoort",Groot Hertoginnelaan 2,REI-0023,,,,
276,12,,HLT1209,BEHEER,"Halte, NL:Q:32001209 Houtrustweg",President Kennedylaan/Houtrustbrug,REI-0023,,,,
277,13,,HLT1210,BEHEER,"Halte, NL:Q:32001210 Houtrustweg",Sportlaan 3,REI-0023,,,,
278,14,,HLT1207,BEHEER,"Halte, NL:Q:32001207 Haga Ziekenhuis",Sportlaan 95,REI-0023,,,,
279,15,,HLT1208,BEHEER,"Halte, NL:Q:32001208 Haga Ziekenhuis",Sportlaan 103,REI-0023,,,,
280,16,,HLT1203,BEHEER,"Halte, NL:Q:32001203 Nieboerweg",Sportlaan 726,REI-0023,,,,
281,17,,HLT1204,BEHEER,"Halte, NL:Q:32001204 Nieboerweg",Sportlaan 149,REI-0023,,,,
282,18,,HLT1201,BEHEER,"Halte, NL:Q:32001201 Kwartellaan",Sportlaan 207,REI-0023,,,,
283,19,,HLT1202,BEHEER,"Halte, NL:Q:32001202 Kwartellaan",Sportlaan 203,REI-0023,,,,
284,20,,HLT1308,BEHEER,"Halte, NL:Q:32001308 Vliegenvangerlaan",Sportlaan 237,REI-0023,,,,
285,,,,,,,,,,,
286,PO: REI3D112,,Route: REI-D112,,,,,,,,
287,Volgorde,Locatie,Activum,Activum status,Beschrijving activum/locatie,Beschrijving,Taakplan,Inspectieformulier,Naam,,
288,1,,HLT1307,BEHEER,"Halte, NL:Q:32001307 Vliegenvangerlaan",Sportlaan 249,REI-0023,,,,
289,2,,HLT1306,BEHEER,"Halte, NL:Q:32001306 Oude Buizerdlaan",Sportlaan 297,REI-0023,,,,
290,3,,HLT1305,BEHEER,"Halte, NL:Q:32001305 Oude Buizerdlaan",Kijkduinsestraat 1080,REI-0023,,,,
291,4,,HLT1508,BEHEER,"Halte, NL:Q:32001508 Kijkduinsestraat",Kijkduinsestraat 1178,REI-0023,,,,
292,5,,HLT1506,BEHEER,"Halte, NL:Q:32001506 Kijkduin Strand",Hoek van Hollandlaan 20,REI-0023,,,,
293,6,,HLT1502,BEHEER,"Halte, NL:Q:32001502 Kijkduin",Kijkduinsestraat 1080,REI-0023,,,,
294,7,,HLT1504,BEHEER,"Halte, NL:Q:32001504 Kijkduin Strand",Kijkduinsestraat/Heliotrooplaan,REI-0023,,,,
295,8,,HLT1516,BEHEER,"Halte, NL:Q:32001516 Kijkduinsestraat",Machielvrijenhoeklaan 450,REI-0023,,,,
296,9,,HLT1514,BEHEER,"Halte, NL:Q:32001514 Kijkduinsestraat",Muurbloemweg/Balsemienlaan,REI-0023,,,,
297,10,,HLT1403,BEHEER,"Halte, NL:Q:32001403 Muurbloemweg",Muurbloemweg/Balsemienlaan,REI-0023,,,,
298,11,,HLT1404,BEHEER,"Halte, NL:Q:32001404 Muurbloemweg",Lobeliastraat/Hoefbladlaan,REI-0023,,,,
299,12,,HLT1412,BEHEER,"Halte, NL:Q:32001412 Aronskelkweg",Lobeliastraat/Hoefbladlaan,REI-0023,,,,
300,13,,HLT1411,BEHEER,"Halte, NL:Q:32001411 Aronskelkweg",Balsemienlaan 136,REI-0023,,,,
301,14,,HLT1406,BEHEER,"Halte, NL:Q:32001406 Arabislaan",Balsemienlaan 124,REI-0023,,,,
302,15,,HLT1406,BEHEER,"Halte, NL:Q:32001406 Arabislaan",Balsemienlaan 28,REI-0023,,,,
303,16,,HLT1408,BEHEER,"Halte, NL:Q:32001408 De Savornin Lohmanlaan",Balsemienlaan 4,REI-0023,,,,
304,17,,HLT1408,BEHEER,"Halte, NL:Q:32001408 De Savornin Lohmanlaan",Laan van Meerdervoort/Hoefbladlaan,REI-0023,,,,
305,18,,HLT1421,BEHEER,"Halte, NL:Q:32001421 Hoefbladlaan",Lobelialaan 7,REI-0023,,,,Haltes komen terug
306,19,,HLT1417,BEHEER,"Halte, NL:Q:32001417 Lobelialaan",Lobelialaan 10,REI-0023,,,,Haltes komen terug
307,20,,HLT1418,BEHEER,"Halte, NL:Q:32001418 Lobelialaan",Kijkduinsestraat 844,REI-0023,,,,
308,21,,HLT1425,BEHEER,"Halte, NL:Q:32001425 Teunisbloemplein",Kijkduinsestraat 844,REI-0023,,,,
309,22,,HLT1426,BEHEER,"Halte, NL:Q:32001426 Teunisbloemplein",Kijkduinsestraat 2554,REI-0023,,,,
310,23,,HLT1873,BEHEER,"Halte, NL:Q:32001873 Westduin",Ockenburghstraat 35,REI-0023,,,,
311,24,,HLT1872,BEHEER,"Halte, NL:Q:32001872 Westduin",Ockenburghstraat 35,REI-0023,,,,
312,25,,HLT1835,BEHEER,"Halte, NL:Q:32001835 Pisuissestraat",Pisuissestraat 409,REI-0023,,,,
313,26,,HLT1834,BEHEER,"Halte, NL:Q:32001834 Pisuissestraat",Pisuissestraat 409,REI-0023,,,,
314,,,,,,,,,,,
315,PO: REI3D113,,Route: REI-D113,,,,,,,,
316,Volgorde,Locatie,Activum,Activum status,Beschrijving activum/locatie,Beschrijving,Taakplan,Inspectieformulier,Naam,,
317,1,,HLS0188,BEHEER,"Halte, NL:Q:42017401 Ockenburgh",REI-POH Reinigen Abri (unit-230) en Hekwerk (unit-231),REI-0023,,,,
318,2,,HLS0189,BEHEER,"Halte, NL:Q:42017402 Ockenburgh",REI-POH Reinigen Abri (unit-230) en Hekwerk (unit-231),REI-0023,,,,
319,3,,HLS0190,BEHEER,"Halte, NL:Q:42017501 Ockenrode",REI-POH Reinigen Abri (unit-230) en Hekwerk (unit-231),REI-0023,,,,
320,4,,HLS0197,BEHEER,"Halte, NL:Q:42017802 Parnassia",REI-POH Reinigen Abri (unit-230) en Hekwerk (unit-231),REI-0023,,,,
321,5,,HLS0196,BEHEER,"Halte, NL:Q:42017801 Parnassia",REI-POH Reinigen Abri (unit-230) en Hekwerk (unit-231),REI-0023,,,,
322,6,,HLS0191,BEHEER,"Halte, NL:Q:42017502 Ockenrode",REI-POH Reinigen Abri (unit-230) en Hekwerk (unit-231),REI-0023,,,,
323,7,,HLS0192,BEHEER,"Halte, NL:Q:42017601 Ockenburghstraat",REI-POH Reinigen Abri (unit-230) en Hekwerk (unit-231),REI-0023,,,,
324,8,,HLS0193,BEHEER,"Halte, NL:Q:42017602 Ockenburghstraat",REI-POH Reinigen Abri (unit-230) en Hekwerk (unit-231),REI-0023,,,,
325,9,,HLT1821,BEHEER,"Halte, NL:Q:32001821 Arnold Spoelplein",REI-POH Reinigen Abri (unit-230) en Hekwerk (unit-231),REI-0023,,,,
326,10,,HLT1820,BEHEER,"Halte, NL:Q:32001820 Arnold Spoelplein",REI-POH Reinigen Abri (unit-230) en Hekwerk (unit-231),REI-0023,,,,
327,11,,HLT1822,BEHEER,"Halte, NL:Q:32001822 Louis Armstrongplein",REI-POH Reinigen Abri (unit-230) en Hekwerk (unit-231),REI-0023,,,,
328,12,,HLT1823,BEHEER,"Halte, NL:Q:32001823 Louis Armstrongplein",REI-POH Reinigen Abri (unit-230) en Hekwerk (unit-231),REI-0023,,,,
329,13,,HLT1828,BEHEER,"Halte, NL:Q:32001828 Binnentuinen",REI-POH Reinigen Abri (unit-230) en Hekwerk (unit-231),REI-0023,,,,
330,14,,HLT1808,BEHEER,"Halte, NL:Q:32001808 Groen van Prinstererlaan",REI-POH Reinigen Abri (unit-230) en Hekwerk (unit-231),REI-0023,,,,
331,15,,HLT1809,BEHEER,"Halte, NL:Q:32001809 Groen van Prinstererlaan",REI-POH Reinigen Abri (unit-230) en Hekwerk (unit-231),REI-0023,,,,
332,16,,HLT1829,BEHEER,"Halte, NL:Q:32001829 Binnentuinen",REI-POH Reinigen Abri (unit-230) en Hekwerk (unit-231),REI-0023,,,,
333,17,,HLT1715,BEHEER,"Halte, NL:Q:32001715 Houtwijklaan",REI-POH Reinigen Abri (unit-230) en Hekwerk (unit-231),REI-0023,,,,
334,18,,HLT1716,BEHEER,"Halte, NL:Q:32001716 Houtwijklaan",REI-POH Reinigen Abri (unit-230) en Hekwerk (unit-231),REI-0023,,,,
335,19,,HLT1825,BEHEER,"Halte, NL:Q:32001825 Buitentuinen",REI-POH Reinigen Abri (unit-230) en Hekwerk (unit-231),REI-0023,,,,
336,20,,HLS0136,BEHEER,"Halte, NL:Q:42012101 Dr. H.E. van Gelderlaan",REI-POH Reinigen Abri (unit-230) en Hekwerk (unit-231),REI-0023,,,,
337,21,,HLS0230,BEHEER,"Halte, NL:Q:42021801 Zichtenburglaan",REI-POH Reinigen Abri (unit-230) en Hekwerk (unit-231),REI-0023,,,,
338,22,,HLS0166,BEHEER,"Halte, NL:Q:42015702 Lozerlaan",REI-POH Reinigen Abri (unit-230) en Hekwerk (unit-231),REI-0023,,,,
339,23,,HLS0212,BEHEER,"Halte, NL:Q:42019701 De Uithof",Nieuweweg/Madepolderweg,REI-0023,,,,
340,24,,HLS0213,BEHEER,"Halte, NL:Q:42019702 De Uithof",Nieuweweg/Madepolderweg,REI-0023,,,,
341,,,,,,,,,,,
342,PO: REI3D114,,Route: REI-D114,,,,,,,,
343,Volgorde,Locatie,Activum,Activum status,Beschrijving activum/locatie,Beschrijving,Taakplan,Inspectieformulier,Naam,,
344,1,,HLT1677,BEHEER,"Halte, NL:Q:32001677 Forellendaal",REI-POH Reinigen Abri (unit-230) en Hekwerk (unit-231),REI-0023,,,,
345,2,,HLS0165,BEHEER,"Halte, NL:Q:42015701 Lozerlaan",REI-POH Reinigen Abri (unit-230) en Hekwerk (unit-231),REI-0023,,,,
346,3,,HLS0231,BEHEER,"Halte, NL:Q:42021802 Zichtenburglaan",REI-POH Reinigen Abri (unit-230) en Hekwerk (unit-231),REI-0023,,,,
347,4,,HLS0137,BEHEER,"Halte, NL:Q:42012102 Dr. H.E. van Gelderlaan",REI-POH Reinigen Abri (unit-230) en Hekwerk (unit-231),REI-0023,,,,
348,5,,HLT1717,BEHEER,"Halte, NL:Q:32001717 Dedemsvaartweg",REI-POH Reinigen Abri (unit-230) en Hekwerk (unit-231),REI-0023,,,,
349,6,,HLT1718,BEHEER,"Halte, NL:Q:32001718 Dedemsvaartweg",REI-POH Reinigen Abri (unit-230) en Hekwerk (unit-231),REI-0023,,,,
350,7,,HLT1721,BEHEER,"Halte, NL:Q:32001721 Albert Schweitzerlaan",REI-POH Reinigen Abri (unit-230) en Hekwerk (unit-231),REI-0023,,,,
351,8,,HLT1719,BEHEER,"Halte, NL:Q:32001719 Albert Schweitzerlaan",REI-POH Reinigen Abri (unit-230) en Hekwerk (unit-231),REI-0023,,,,
352,9,,HLT3209,BEHEER,"Halte, NL:Q:32003209 Escamplaan",REI-POH Reinigen Abri (unit-230) en Hekwerk (unit-231),REI-0023,,,,
353,10,,HLT3210,BEHEER,"Halte, NL:Q:32003210 Escamplaan",REI-POH Reinigen Abri (unit-230) en Hekwerk (unit-231),REI-0023,,,,
354,11,,HLS0181,BEHEER,"Halte, NL:Q:42016702 Moerweg/Melis Stokelaan",REI-POH Reinigen Abri (unit-230) en Hekwerk (unit-231),REI-0023,,,,
355,12,,HLS0217,BEHEER,"Halte, NL:Q:42019901 Veluweplein",REI-POH Reinigen Abri (unit-230) en Hekwerk (unit-231),REI-0023,,,,
356,13,,HLT3708,BEHEER,"Halte, NL:Q:32003708 Melis Stokelaan",REI-POH Reinigen Abri (unit-230) en Hekwerk (unit-231),REI-0023,,,,
357,14,,HLT3709,BEHEER,"Halte, NL:Q:32003709 Melis Stokelaan",REI-POH Reinigen Abri (unit-230) en Hekwerk (unit-231),REI-0023,,,,
358,15,,HLS0216,BEHEER,"Halte, NL:Q:42019902 Veluweplein",REI-POH Reinigen Abri (unit-230) en Hekwerk (unit-231),REI-0023,,,,
359,16,,HLS0180,BEHEER,"Halte, NL:Q:42016701 Moerweg/Melis Stokelaan",REI-POH Reinigen Abri (unit-230) en Hekwerk (unit-231),REI-0023,,,,
360,17,,HLS0135,BEHEER,"Halte, NL:Q:42011902 Erasmusplein",REI-POH Reinigen Abri (unit-230) en Hekwerk (unit-231),REI-0023,,,,
361,18,,HLS0134,BEHEER,"Halte, NL:Q:42011901 Erasmusplein",REI-POH Reinigen Abri (unit-230) en Hekwerk (unit-231),REI-0023,,,,
362,19,,HLT3601,BEHEER,"Halte, NL:Q:32003601 Loevesteinlaan",REI-POH Reinigen Abri (unit-230) en Hekwerk (unit-231),REI-0023,,,,
363,20,,HLT3439,BEHEER,"Halte, NL:Q:32003439 Fluitenbergstraat",REI-POH Reinigen Abri (unit-230) en Hekwerk (unit-231),REI-0023,,,,
364,,,,,,,,,,,
365,PO: REI3D115,,Route: REI-D115,,,,,,,,
366,Volgorde,Locatie,Activum,Activum status,Beschrijving activum/locatie,Beschrijving,Taakplan,Inspectieformulier,Naam,,
367,1,,HLT3438,BEHEER,"Halte, NL:Q:32003438 Fluitenbergstraat",REI-POH Reinigen Abri (unit-230) en Hekwerk (unit-231),REI-0023,,,,
368,2,,HLT3436,BEHEER,"Halte, NL:Q:32003436 Dalerveenstraat",REI-POH Reinigen Abri (unit-230) en Hekwerk (unit-231),REI-0023,,,,
369,3,,HLT3437,BEHEER,"Halte, NL:Q:32003437 Dalerveenstraat",REI-POH Reinigen Abri (unit-230) en Hekwerk (unit-231),REI-0023,,,,
370,4,,HLT3413,BEHEER,"Halte, NL:Q:32003413 Leyweg",REI-POH Reinigen Abri (unit-230) en Hekwerk (unit-231),REI-0023,,,,
371,5,,HLT3413,BEHEER,"Halte, NL:Q:32003413 Leyweg",REI-POH Reinigen Abri (unit-230) en Hekwerk (unit-231),REI-0023,,,,
372,6,,HLT3413,BEHEER,"Halte, NL:Q:32003413 Leyweg",REI-POH Reinigen Abri (unit-230) en Hekwerk (unit-231),REI-0023,,,,
373,7,,HLT3414,BEHEER,"Halte, NL:Q:32003414 Leyweg",REI-POH Reinigen Abri (unit-230) en Hekwerk (unit-231),REI-0023,,,,
374,8,,HLT3414,BEHEER,"Halte, NL:Q:32003414 Leyweg",REI-POH Reinigen Abri (unit-230) en Hekwerk (unit-231),REI-0023,,,,
375,9,,HLT3411,BEHEER,"Halte, NL:Q:32003411 Zweeloostraat",REI-POH Reinigen Abri (unit-230) en Hekwerk (unit-231),REI-0023,,,,
376,10,,HLT3412,BEHEER,"Halte, NL:Q:32003412 Zweeloostraat",REI-POH Reinigen Abri (unit-230) en Hekwerk (unit-231),REI-0023,,,,
377,11,,HLT3323,BEHEER,"Halte, NL:Q:32003323 Hertenrade",REI-POH Reinigen Abri (unit-230) en Hekwerk (unit-231),REI-0023,,,,
378,12,,HLT3322,BEHEER,"Halte, NL:Q:32003322 Hertenrade",REI-POH Reinigen Abri (unit-230) en Hekwerk (unit-231),REI-0023,,,,
379,13,,HLT3320,BEHEER,"Halte, NL:Q:32003320 Vrederustlaan",REI-POH Reinigen Abri (unit-230) en Hekwerk (unit-231),REI-0023,,,,
380,14,,HLT3321,BEHEER,"Halte, NL:Q:32003321 Vrederustlaan",REI-POH Reinigen Abri (unit-230) en Hekwerk (unit-231),REI-0023,,,,
381,15,,HLT3405,BEHEER,"Halte, NL:Q:32003405 Meppelweg",REI-POH Reinigen Abri (unit-230) en Hekwerk (unit-231),REI-0023,,,,
382,16,,HLT3406,BEHEER,"Halte, NL:Q:32003406 Meppelweg",REI-POH Reinigen Abri (unit-230) en Hekwerk (unit-231),REI-0023,,,,
383,17,,HLT3319,BEHEER,"Halte, NL:Q:32003319 Beresteinlaan",REI-POH Reinigen Abri (unit-230) en Hekwerk (unit-231),REI-0023,,,,
384,18,,HLT3318,BEHEER,"Halte, NL:Q:32003318 Beresteinlaan",REI-POH Reinigen Abri (unit-230) en Hekwerk (unit-231),REI-0023,,,,
385,19,,HLT3361,BEHEER,"Halte, NL:Q:32003361 Randveen",REI-POH Reinigen Abri (unit-230) en Hekwerk (unit-231),REI-0023,,,,
386,20,,HLT3362,BEHEER,"Halte, NL:Q:32003362 Randveen",REI-POH Reinigen Abri (unit-230) en Hekwerk (unit-231),REI-0023,,,,
387,21,,HLT3383,BEHEER,"Halte, NL:Q:32003383 Randveen (Uithof)",REI-POH Reinigen Abri (unit-230) en Hekwerk (unit-231),REI-0023,,,,
388,22,,HLT3831,BEHEER,"Halte, NL:Q:32003831 Ledeganckplein",REI-POH Reinigen Abri (unit-230) en Hekwerk (unit-231),REI-0023,,,,
389,23,,HLT3832,BEHEER,"Halte, NL:Q:32003832 Ledeganckplein",REI-POH Reinigen Abri (unit-230) en Hekwerk (unit-231),REI-0023,,,,
390,24,,HLT3830,BEHEER,"Halte, NL:Q:32003830 Alberdingk Thijmstraat",REI-POH Reinigen Abri (unit-230) en Hekwerk (unit-231),REI-0023,,,,
391,25,,HLT3829,BEHEER,"Halte, NL:Q:32003829 Alberdingk Thijmstraat",REI-POH Reinigen Abri (unit-230) en Hekwerk (unit-231),REI-0023,,,,
392,,,,,,,,,,,
393,PO: REI3D116,,Route: REI-D116,,,,,,,,
394,Volgorde,Locatie,Activum,Activum status,Beschrijving activum/locatie,Beschrijving,Taakplan,Inspectieformulier,Naam,,
395,1,,HLT3628,BEHEER,"Halte, NL:Q:32003628 Station Moerwijk",REI-POH Reinigen Abri (unit-230) en Hekwerk (unit-231),REI-0023,,,,
396,2,,HLT3629,BEHEER,"Halte, NL:Q:32003629 Station Moerwijk",REI-POH Reinigen Abri (unit-230) en Hekwerk (unit-231),REI-0023,,,,
397,3,,HLT3120,BEHEER,"Halte, NL:Q:32003120 Soestdijkseplein",REI-POH Reinigen Abri (unit-230) en Hekwerk (unit-231),REI-0023,,,,
398,4,,HLT3119,BEHEER,"Halte, NL:Q:32003119 Soestdijkseplein",REI-POH Reinigen Abri (unit-230) en Hekwerk (unit-231),REI-0023,,,,
399,5,,HLT3122,BEHEER,"Halte, NL:Q:32003122 De la Reyweg",REI-POH Reinigen Abri (unit-230) en Hekwerk (unit-231),REI-0023,,,,
400,6,,HLT3125,BEHEER,"Halte, NL:Q:32003125 Barneveldstraat",REI-POH Reinigen Abri (unit-230) en Hekwerk (unit-231),REI-0023,,,,
401,7,,HLT3126,BEHEER,"Halte, NL:Q:32003126 Barneveldstraat",REI-POH Reinigen Abri (unit-230) en Hekwerk (unit-231),REI-0023,,,,
402,8,,HLT3121,BEHEER,"Halte, NL:Q:32003121 De la Reyweg",REI-POH Reinigen Abri (unit-230) en Hekwerk (unit-231),REI-0023,,,,
403,9,,HLT3010,BEHEER,"Halte, NL:Q:32003010 Schalk Burgerstraat",REI-POH Reinigen Abri (unit-230) en Hekwerk (unit-231),REI-0023,,,,
404,10,,HLT3009,BEHEER,"Halte, NL:Q:32003009 Schalk Burgerstraat",REI-POH Reinigen Abri (unit-230) en Hekwerk (unit-231),REI-0023,,,,
405,11,,HLS0209,BEHEER,"Halte, NL:Q:42018902 Schalk Burgerstraat",REI-POH Reinigen Abri (unit-230) en Hekwerk (unit-231),REI-0023,,,,Verwijderen uit PO
406,12,,HLS0208,BEHEER,"Halte, NL:Q:42018901 Schalk Burgerstraat",REI-POH Reinigen Abri (unit-230) en Hekwerk (unit-231),REI-0023,,,,Verwijderen uit PO
407,13,,HLS0159,BEHEER,"Halte, NL:Q:42014201 Kaapseplein",REI-POH Reinigen Abri (unit-230) en Hekwerk (unit-231),REI-0023,,,,
408,14,,HLS0160,BEHEER,"Halte, NL:Q:42014202 Kaapseplein",REI-POH Reinigen Abri (unit-230) en Hekwerk (unit-231),REI-0023,,,,
409,15,,HLS0145,BEHEER,"Halte, NL:Q:42013001 Haagse Markt",REI-POH Reinigen Abri (unit-230) en Hekwerk (unit-231),REI-0023,,,,
410,16,,HLS0145,BEHEER,"Halte, NL:Q:42013001 Haagse Markt",REI-POH Reinigen Abri (unit-230) en Hekwerk (unit-231),REI-0023,,,,
411,17,,HLS0153,BEHEER,"Halte, NL:Q:42013501 Hobbemastraat",REI-POH Reinigen Abri (unit-230) en Hekwerk (unit-231),REI-0023,,,,
412,18,,HLS0154,BEHEER,"Halte, NL:Q:42013502 Hobbemastraat",REI-POH Reinigen Abri (unit-230) en Hekwerk (unit-231),REI-0023,,,,
413,19,,HLT2909,BEHEER,"Halte, NL:Q:32002909 Vaillantplein",REI-POH Reinigen Abri (unit-230) en Hekwerk (unit-231),REI-0023,,,,
414,20,,HLT2910,BEHEER,"Halte, NL:Q:32002910 Vaillantplein",REI-POH Reinigen Abri (unit-230) en Hekwerk (unit-231),REI-0023,,,,
415,21,,HLT2914,BEHEER,"Halte, NL:Q:32002914 Haagse Markt",REI-POH Reinigen Abri (unit-230) en Hekwerk (unit-231),REI-0023,,,,
416,22,,HLT2913,BEHEER,"Halte, NL:Q:32002913 Haagse Markt",REI-POH Reinigen Abri (unit-230) en Hekwerk (unit-231),REI-0023,,,,
417,23,,HLT3220,BEHEER,"Halte, NL:Q:32003220 Zuiderpark",REI-POH Reinigen Abri (unit-230) en Hekwerk (unit-231),REI-0023,,,,
418,24,,HLT3407,BEHEER,"Halte, NL:Q:32003407 Almeloplein",REI-POH Reinigen Abri (unit-230) en Hekwerk (unit-231),REI-0023,,,,
419,25,,HLT3409,BEHEER,"Halte, NL:Q:32003409 Gramsbergenlaan",REI-POH Reinigen Abri (unit-230) en Hekwerk (unit-231),REI-0023,,,,
420,26,,HLT3410,BEHEER,"Halte, NL:Q:32003410 Gramsbergenlaan",REI-POH Reinigen Abri (unit-230) en Hekwerk (unit-231),REI-0023,,,,
421,27,,HLT3408,BEHEER,"Halte, NL:Q:32003408 Almeloplein",REI-POH Reinigen Abri (unit-230) en Hekwerk (unit-231),REI-0023,,,,
422,28,,HLT3219,BEHEER,"Halte, NL:Q:32003219 Zuiderpark",REI-POH Reinigen Abri (unit-230) en Hekwerk (unit-231),REI-0023,,,,
423,,,,,,,,,,,
424,PO: REI3D201,,Route: REI-D201,,,,,,,,
425,Volgorde,Locatie,Activum,Activum status,Beschrijving activum/locatie,Beschrijving,Taakplan,Inspectieformulier,Naam,,
426,1,,HLS0032,BEHEER,"Halte, NL:Q:42002201 Wateringseweg",Wateringseweg 1 Delft,REI-0023,,,,
427,2,,HLS0032,BEHEER,"Halte, NL:Q:42002201 Wateringseweg",Wateringseweg 1 Delft,REI-0023,,,,
428,3,,HLS0026,BEHEER,"Halte, NL:Q:42001801 Brasserskade (=Bankastraat)",Brasserkade 54 Delft,REI-0023,,,,
429,4,,HLS0027,BEHEER,"Halte, NL:Q:42001802 Brasserskade (=Bankastraat)",Brasserkade 54 Delft,REI-0023,,,,
430,5,,HLS0018,BEHEER,"Halte, NL:Q:42001201 Brasserskade",Brasserkade 172 Delft,REI-0023,,,,
431,6,,HLS0019,BEHEER,"Halte, NL:Q:42001202 Brasserskade",Brasserkade 172 Delft,REI-0023,,,,
432,7,,HLS0048,BEHEER,"Halte, NL:Q:42003002 GGZ Delfland",Sint Jorisweg 2 Delft,REI-0023,,,,
433,8,,HLS0047,BEHEER,"Halte, NL:Q:42003001 GGZ Delfland",Sint Jorisweg 7 Delft,REI-0023,,,,
434,9,,HLS0013,BEHEER,"Halte, NL:Q:42001002 Arubastraat",Insulindeweg 14 Delft,REI-0023,,,,
435,10,,HLS0013,BEHEER,"Halte, NL:Q:42001002 Arubastraat",Insulindeweg 5 Delft,REI-0023,,,,
436,11,,HLS0070,BEHEER,"Halte, NL:Q:42004702 Twee Molentjeskade",Van mierenveltlaan/Aan het Verlaat Delft,REI-0023,,,,
437,12,,HLS0069,BEHEER,"Halte, NL:Q:42004701 Twee Molentjeskade",Van mierenveltlaan/Aan het Verlaat Delft,REI-0023,,,,
438,13,,HLS0023,BEHEER,"Halte, NL:Q:42001402 Van Miereveltlaan (=De Bieslandhof)",Van mierenveltlaan 22 Delft,REI-0023,,,,
439,14,,HLS0022,BEHEER,"Halte, NL:Q:42001401 Van Miereveltlaan (=De Bieslandhof)",Van mierenveltlaan 1A Delft,REI-0023,,,,
440,15,,HLS0025,BEHEER,"Halte, NL:Q:42001502 Bieslandsekade",Lodensteynstraat 72 Delft,REI-0023,,,,
441,16,,HLS0024,BEHEER,"Halte, NL:Q:42001501 Bieslandsekade",Lodensteynstraat 72 Delft,REI-0023,,,,
442,17,,HLS0078,BEHEER,"Halte, NL:Q:42005102 Nieuwe Langendijk",Nieuwe Langedijk 61 Delft,REI-0023,,,,
443,18,,HLS0077,BEHEER,"Halte, NL:Q:42005101 Nieuwe Langendijk",Nieuwe Langedijk 74 Delft,REI-0023,,,,
444,19,,HLS0030,BEHEER,"Halte, NL:Q:42002001 Burgwal",Oude langendijk/Burgwal Delft,REI-0023,,,,
445,20,,HLS0031,BEHEER,"Halte, NL:Q:42002002 Burgwal",Oude langendijk 35 Delft,REI-0023,,,,
446,21,,HLS0083,BEHEER,"Halte, NL:Q:42005601 Poortcenter",Oostpoortweg/Weidepad Delft,REI-0023,,,,
447,22,,HLS0066,BEHEER,"Halte, NL:Q:42004401 Markt",Oudelangendijk/Markt Delft,REI-0023,,,,
448,23,,HLS0067,BEHEER,"Halte, NL:Q:42004402 Markt",Oudelangendijk/Markt Delft,REI-0023,,,,
449,24,,HLS0066,BEHEER,"Halte, NL:Q:42004401 Markt",Oudelangendijk/Markt Delft,REI-0023,,,,
450,25,,HLS0084,BEHEER,"Halte, NL:Q:42005602 Poortcenter",Oostpoortweg/viaduct A13 Delft,REI-0023,,,,
451,26,,HLS0052,BEHEER,"Halte, NL:Q:42003402 Ikea Delft",Olaf Palmerstraat/voor de IKEA Delft,REI-0023,,,,
452,27,,HLS0052,BEHEER,"Halte, NL:Q:42003402 Ikea Delft",Olaf Palmerstraat/voor de IKEA Delft,REI-0023,,,,
453,28,,HLS0319,BEHEER,"Halte, NL:Q:42069502 Olof Palmestraat",Olaf Palmerstraat 14 Delft,REI-0023,,,,
454,29,,HLS0318,BEHEER,"Halte, NL:Q:42069501 Olof Palmestraat",Olaf Palmerstraat 14 Delft,REI-0023,,,,
455,30,,HLS0038,BEHEER,"Halte, NL:Q:42002501 Olof Palmestraat  / Korftlaan",Olaf Palmerstraat/voor de IKEA Delft,REI-0023,,,,
456,31,,HLS0040,BEHEER,"Halte, NL:Q:42002502 Olof Palmestraat  / Korftlaan",Olaf Palmerstraat/voor de IKEA Delft,REI-0023,,,,
457,32,,HLS0374,BEHEER,"Halte, NL:Q:42072401 Camping",Korftlaan 5 Delft,REI-0023,,,,
458,,,,,,,,,,,
459,PO: REI3D202,,Route: REI-D202,,,,,,,,
460,Volgorde,Locatie,Activum,Activum status,Beschrijving activum/locatie,Beschrijving,Taakplan,Inspectieformulier,Naam,,
461,1,,HLS0320,BEHEER,"Halte, NL:Q:42070101 Gasthuisland Bus sluis",Gasthuisland 10 Westland/ Midden-Delfland,REI-0023,,,,
462,2,,HLS0321,BEHEER,"Halte, NL:Q:42070102 Gasthuisland",Gasthuisland 10 Westland/ Midden-Delfland,REI-0023,,,,
463,3,,HLS0334,BEHEER,"Halte, NL:Q:42072701 Hoefslagendreef",Hollandendreef 9 Delft,REI-0023,,,,
464,4,,HLS0335,BEHEER,"Halte, NL:Q:42072702 Hoefslagendreef",Hollandendreef 9 Delft,REI-0023,,,,
465,5,,HLS0081,BEHEER,"Halte, NL:Q:42005501 Parkzoom",Hof van zilverlicht 16 Delft,REI-0023,,,,
466,6,,HLS0082,BEHEER,"Halte, NL:Q:42005502 Parkzoom",Hof van zilverlicht 83 Delft,REI-0023,,,,
467,7,,HLS0376,BEHEER,"Halte, NL:Q:42000901 Van Adrichemstraat",Van der Lelijstraat/van AdrichemstraatDelft,REI-0023,,,,
468,8,,HLS0103,BEHEER,"Halte, NL:Q:42006802 van der Lelijstraat",Van almondestraat 64 Delft,REI-0023,,,,
469,9,,HLS0102,BEHEER,"Halte, NL:Q:42006801 van der Lelijstraat",Van almondestraat 64 Delft,REI-0023,,,,
470,10,,HLS0061,BEHEER,"Halte, NL:Q:42004102 Lindenhof/Kuyperweg",Cort van der Lindenlaan 76 Delft,REI-0023,,,,
471,11,,HLS0061,BEHEER,"Halte, NL:Q:42004102 Lindenhof/Kuyperweg",Cort van der Lindenlaan 76 Delft,REI-0023,,,,
472,12,,HLS0111,BEHEER,"Halte, NL:Q:42007302 Weteringlaan",Weteringlaan 1 Delft,REI-0023,,,,
473,13,,HLS0110,BEHEER,"Halte, NL:Q:42007301 Weteringlaan",Weteringlaan 1 Delft,REI-0023,,,,
474,14,,HLS0049,BEHEER,"Halte, NL:Q:42003101 Hugo de Grootstraat",Adriaan Pauwstraat 2B Delft,REI-0023,,,,
475,15,,HLS0050,BEHEER,"Halte, NL:Q:42003102 Hugo de Grootstraat",Adriaan Pauwstraat 1 Delft,REI-0023,,,,
476,16,,HLC0472,BEHEER,"Halte, NL:Q:54260190 Bolwerk",Hugo de grootstraat,REI-0023,,,,Beschrijving activum aangepast
477,17,,HLC0473,BEHEER,"Halte, NL:Q:54260200 Bolwerk",Spoorsingel,REI-0023,,,,Beschrijving activum aangepast
478,18,,HLS0330,BEHEER,"Halte, NL:Q:42072001 Krakeelpolderweg",Krakeelpolderweg 50 Delft,REI-0023,,,,
479,19,,HLS0329,BEHEER,"Halte, NL:Q:42071901 Poolstraat (=Pootstraat)",Krakeelpolderweg 11 Delft,REI-0023,,,,
480,20,,HLS0036,BEHEER,"Halte, NL:Q:42002401 Componistenpad",Westlandseweg/Pr. Beatrixlaan Delft,REI-0023,,,,
481,21,,HLS0115,BEHEER,"Halte, NL:Q:42007702 Westlandseweg",Westlandseweg/Aletta Jacobsstraat Delft,REI-0023,,,,
482,22,,HLS0114,BEHEER,"Halte, NL:Q:42007701 Westlandseweg",Westlandseweg/Aletta Jacobsstraat Delft,REI-0023,,,,
483,23,,HLS0113,BEHEER,"Halte, NL:Q:42007402 Westlandhof",Aletta Jacobsstraat 180 Delft,REI-0023,,,,
484,24,,HLS0112,BEHEER,"Halte, NL:Q:42007401 Westlandhof",Aletta Jacobsstraat 180 Delft,REI-0023,,,,
485,25,,HLS0064,BEHEER,"Halte, NL:Q:42004301 Marlotlaan",Marotlaan 1 Delft,REI-0023,,,,
486,26,,HLS0065,BEHEER,"Halte, NL:Q:42004302 Marlotlaan",Marotlaan 1 Delft,REI-0023,,,,
487,27,,HLS0037,BEHEER,"Halte, NL:Q:42002402 Componistenpad",Westlandseweg/Pr. Beatrixlaan Delft,REI-0023,,,,
488,28,,HLS0377,BEHEER,"Halte, NL:Q:54162180 Persijnlaan",Prinses Beatrixlaan/Alexander Fleminglaan (Provincialeweg) delft,REI-0023,,,,
489,,,,,,,,,,,
490,PO: REI3D203,,Route: REI-D203,,,,,,,,
491,Volgorde,Locatie,Activum,Activum status,Beschrijving activum/locatie,Beschrijving,Taakplan,Inspectieformulier,Naam,,
492,1,,HLS0076,BEHEER,"Halte, NL:Q:42005002 Nassauplein",Nassaulaan 29 Delft,REI-0023,,,,
493,2,,HLS0075,BEHEER,"Halte, NL:Q:42005001 Nassauplein",Nassaulaan 29 Delft,REI-0023,,,,
494,3,,HLS0088,BEHEER,"Halte, NL:Q:42005902 Poortlandplein",Nassaulaan 4 Delft,REI-0023,,,,
495,4,,HLS0087,BEHEER,"Halte, NL:Q:42005901 Poortlandplein",Nassaulaan 1 Delft,REI-0023,,,,
496,5,,HLS0029,BEHEER,"Halte, NL:Q:42001902 Botanische Tuin",Julianalaan 67A Delft,REI-0023,,,,
497,6,,HLS0028,BEHEER,"Halte, NL:Q:42001901 Botanische Tuin",Julianalaan 70 Delft,REI-0023,,,,
498,7,,HLS0378,BEHEER,"Halte, NL:Q:42004502 Michiel de Ruyterweg",Julianalaan 134 Delft,REI-0023,,,,
499,8,,HLS0068,BEHEER,"Halte, NL:Q:42004501 Michiel de Ruyterweg",Mijnbouwstraat 120 Delft,REI-0023,,,,
500,9,,HLS0100,BEHEER,"Halte, NL:Q:42006701 Stieltjesweg",Schoemakerstraat/Stieltjesweg Delft,REI-0023,,,,
501,10,,HLS0100,BEHEER,"Halte, NL:Q:42006701 Stieltjesweg",Schoemakerstraat/Stieltjesweg Delft,REI-0023,,,,
502,11,,HLS0079,BEHEER,"Halte, NL:Q:42005401 Van der Burghweg",Schoemakerstraat/van der Burghweg Delft,REI-0023,,,,
503,12,,HLS0080,BEHEER,"Halte, NL:Q:42005402 Van der Burghweg",Schoemakerstraat/van der Burghweg Delft,REI-0023,,,,
504,13,,HLS0098,BEHEER,"Halte, NL:Q:42006501 Schoemakerstraat",Prof. Telderslaan 50 Delft,REI-0023,,,,
505,14,,HLS0099,BEHEER,"Halte, NL:Q:42006502 Schoemakerstraat",Prof. Telderslaan 50 Delft,REI-0023,,,,
506,15,,HLS0085,BEHEER,"Halte, NL:Q:42005801 Prof. Krausstraat",Prof. Telderslaan 63 Delft,REI-0023,,,,
507,16,,HLS0086,BEHEER,"Halte, NL:Q:42005802 Prof. Krausstraat",Prof. Telderslaan 99E Delft,REI-0023,,,,
508,17,,HLS0391,BEHEER,"Halte, NL:Q:31003610 Vrijenban",Rotterdamseweg 402D Delft,REI-0023,,,,
509,18,,HLS0392,BEHEER,"Halte, NL:Q:31003626 Vrijenban",Rotterdamseweg 402D Delft,REI-0023,,,,
510,19,,HLS0393,BEHEER,"Halte, NL:Q:31003609 Scheepswerf Bocxe",Rotterdamseweg 420 Delft,REI-0023,,,,
511,20,,HLS0394,BEHEER,"Halte, NL:Q:31003627 Scheepswerf Bocxe",Rotterdamseweg 424 Delft,REI-0023,,,,
512,21,,HLS0395,BEHEER,"Halte, NL:Q:31003608 Ackerdijkseweg",Rotterdamseweg 219 Delft,REI-0023,,,,
513,22,,HLS0396,BEHEER,"Halte, NL:Q:31003628 Ackerdijkseweg",Rotterdamseweg 219 Delft,REI-0023,,,,
514,23,,HLS0092,BEHEER,"Halte, NL:Q:42006202 Reinier de Graaf Gasthuis",Reinier de Graafweg Delft,REI-0023,,,,
515,24,,HLS0091,BEHEER,"Halte, NL:Q:42006201 Reinier de Graaf Gasthuis",Reinier de Graafweg Delft,REI-0023,,,,
516,25,,HLS0096,BEHEER,"Halte, NL:Q:42006401 Schoolstaat",Reinier de Graafweg/Jan Thomeelaan Delft,REI-0023,,,,
517,26,,HLS0097,BEHEER,"Halte, NL:Q:42006402 Schoolstaat",Reinier de Graafweg/Jan Thomeelaan Delft,REI-0023,,,,
518,27,,HLS0063,BEHEER,"Halte, NL:Q:42004202 Brahmslaan",Jan Thoméelaan 54 Delft,REI-0023,,,,
519,28,,HLS0063,BEHEER,"Halte, NL:Q:42004202 Brahmslaan",Jan Thoméelaan 54 Delft,REI-0023,,,,
520,,,,,,,,,,,
521,PO: REI3D204,,Route: REI-D204,,,,,,,,
522,Volgorde,Locatie,Activum,Activum status,Beschrijving activum/locatie,Beschrijving,Taakplan,Inspectieformulier,Naam,,
523,1,,HLS0340,BEHEER,"Halte, NL:Q:42074401 Frederik van Eedenlaan",Voorhofdreef/Frederik van Eedenlaan Delft,REI-0023,,,,
524,2,,HLS0053,BEHEER,"Halte, NL:Q:42003501 Jan Campertlaan",Voorhofdreef/Jan Campertlaan Delft,REI-0023,,,,
525,3,,HLS0073,BEHEER,"Halte, NL:Q:42004903 Menno ter Braaklaan",Voorhofdreef/Borsboom Toussaintplein Delft,REI-0023,,,,
526,4,,HLS0074,BEHEER,"Halte, NL:Q:42004904 Menno ter Braaklaan",Voorhofdreef/Menno ter Braaklaan Delft,REI-0023,,,,
527,5,,HLS0054,BEHEER,"Halte, NL:Q:42003502 Jan Campertlaan",Voorhofdreef/Jan Campertlaan Delft,REI-0023,,,,
528,6,,HLS0341,BEHEER,"Halte, NL:Q:42074402 Frederik van Eedenlaan",Voorhofdreef/J.J. Sauerhofflaan Delft,REI-0023,,,,
529,7,,HLS0056,BEHEER,"Halte, NL:Q:42003801 Kalfjeslaan",Busbaan Tanthof/Kalfjeslaan Delft,REI-0023,,,,
530,8,,HLS0057,BEHEER,"Halte, NL:Q:42003802 Kalfjeslaan",Busbaan Tanthof/Kalfjeslaan Delft,REI-0023,,,,
531,9,,HLS0041,BEHEER,"Halte, NL:Q:42002601 Edelhertlaan",Busbaan Tanthof/Edelhertlaan Delft,REI-0023,,,,
532,10,,HLS0041,BEHEER,"Halte, NL:Q:42002601 Edelhertlaan",Busbaan Tanthof/Edelhertlaan Delft,REI-0023,,,,
533,11,,HLS0045,BEHEER,"Halte, NL:Q:42002801 Fuutlaan",Busbaan Tanthof/Fuutlaan Delft,REI-0023,,,,
534,12,,HLS0045,BEHEER,"Halte, NL:Q:42002801 Fuutlaan",Busbaan Tanthof/Fuutlaan Delft,REI-0023,,,,
535,13,,HLS0093,BEHEER,"Halte, NL:Q:42006301 Rietzangerstraat",Busbaan Tanthof/Rietzangerstraat Delft,REI-0023,,,,
536,14,,HLS0094,BEHEER,"Halte, NL:Q:42006302 Rietzangerstraat",Busbaan Tanthof/Rietzangerstraat Delft,REI-0023,,,,
537,15,,HLS0379,BEHEER,"Halte, NL:Q:42000801 Abtswoude",Ghandilaan 63 Delft,REI-0023,,,,
538,16,,HLS0058,BEHEER,"Halte, NL:Q:42004001 Latijns Amerikalaan",Derde werelddreef/Latijns AmerikalaanDelft,REI-0023,,,,
539,17,,HLS0059,BEHEER,"Halte, NL:Q:42004002 Latijns Amerikalaan",Derde werelddreef/Latijns Amerikalaan Delft,REI-0023,,,,
540,18,,HLS0107,BEHEER,"Halte, NL:Q:42007102 Vrijheidslaan",Buitenhofdreef Delft,REI-0023,,,,
541,19,,HLS0106,BEHEER,"Halte, NL:Q:42007101 Vrijheidslaan",Buitenhofdreef Delft,REI-0023,,,,
542,20,,HLS0021,BEHEER,"Halte, NL:Q:42001302 Van der Slootsingel (=Buitenhofdreef)",van der Slootsingel/van HasseltlaanDelft,REI-0023,,,,
543,21,,HLS0020,BEHEER,"Halte, NL:Q:42001301 Van der Slootsingel (=Buitenhofdreef)",van der Slootsingel/van Hasseltlaan Delft,REI-0023,,,,
544,,,,,,,,,,,
545,PO: REI3D205,,Route: REI-D205,,,,,,,,
546,Volgorde,Locatie,Activum,Activum status,Beschrijving activum/locatie,Beschrijving,Taakplan,Inspectieformulier,Naam,,
547,1,,HLS0072,BEHEER,"Halte, NL:Q:42004802 Mozartlaan",Mozartlaan 424 Delft,REI-0023,,,,
548,2,,HLS0071,BEHEER,"Halte, NL:Q:42004801 Mozartlaan",Mozartlaan 424 Delft,REI-0023,,,,
549,3,,HLS0034,BEHEER,"Halte, NL:Q:42002301 Chopinlaan",Mozartlaan 674 Delft,REI-0023,,,,
550,4,,HLS0035,BEHEER,"Halte, NL:Q:42002302 Chopinlaan",Mozartlaan 674 Delft,REI-0023,,,,
551,5,,HLS0105,BEHEER,"Halte, NL:Q:42006902 van der Slootsingel",Beethovenlaan 228 Delft,REI-0023,,,,
552,6,,HLT9109,BEHEER,"Halte, NL:Q:32009109 Van der Slootsingel",Beethovenlaan 230 Delft,REI-0023,,,,
553,7,,HLS0317,BEHEER,"Halte, NL:Q:42068501 Technopolis",Huismansingel/Heertjselaan Delft,REI-0023,,,,
554,8,,HLS0358,BEHEER,"Halte, NL:Q:42076602 Technopolis",Mekelweg/Heertjeslaan Delft,REI-0023,,,,
555,9,,HLS0357,BEHEER,"Halte, NL:Q:42076601 Technopolis",Mekelweg/Heertjeslaan Delft,REI-0023,,,,
556,10,,HLS0356,BEHEER,"Halte, NL:Q:42076502 TU-Kluyverpark",Mekelweg/Watermanweg Delft,REI-0023,,,,
557,11,,HLS0355,BEHEER,"Halte, NL:Q:42076501 TU-Kluyverpark",Mekelweg/Watermanweg Delft,REI-0023,,,,
558,12,,HLS0355,BEHEER,"Halte, NL:Q:42076501 TU-Kluyverpark",Mekelweg/Watermanweg Delft,REI-0023,,,,
559,13,,HLS0344,BEHEER,"Halte, NL:Q:42075701 TU-Sport & Cultuur",Mekelweg/van den Broekweg Delft,REI-0023,,,,
560,14,,HLS0344,BEHEER,"Halte, NL:Q:42075701 TU-Sport & Cultuur",Mekelweg/van den Broekweg Delft,REI-0023,,,,
561,15,,HLS0345,BEHEER,"Halte, NL:Q:42075702 TU-Sport & Cultuur",Mekelweg/van den Broekweg Delft,REI-0023,,,,
562,16,,HLS0346,BEHEER,"Halte, NL:Q:42075801 TU-Mekelpark",Mekelweg/Cornelis Drebbelweg Delft,REI-0023,,,,
563,17,,HLS0346,BEHEER,"Halte, NL:Q:42075801 TU-Mekelpark",Mekelweg/Cornelis Drebbelweg Delft,REI-0023,,,,
564,18,,HLS0347,BEHEER,"Halte, NL:Q:42075802 TU-Mekelpark",Mekelweg/Christiaan Huygensweg Delft,REI-0023,,,,
565,19,,HLS0015,BEHEER,"Halte, NL:Q:42001102 TU - Aula",Mekelweg/Christiaan Huygensweg Delft,REI-0023,,,,
566,20,,HLS0017,BEHEER,"Halte, NL:Q:42001104 TU - Aula",Mekelweg/Christiaan Huygensweg Delft,REI-0023,,,,
567,21,,HLS0016,BEHEER,"Halte, NL:Q:42001103 TU - Aula",Mekelweg/Christiaan Huygensweg Delft,REI-0023,,,,
568,22,,HLS0016,BEHEER,"Halte, NL:Q:42001103 TU - Aula",Mekelweg/Christiaan Huygensweg Delft,REI-0023,,,,
569,,,,,,,,,,,
570,PO: REI3D301,,Route: REI-D301,,,,,,,,
571,Volgorde,Locatie,Activum,Activum status,Beschrijving activum/locatie,Beschrijving,Taakplan,Inspectieformulier,Naam,,
572,1,,HLS0272,BEHEER,"Halte, NL:Q:42035801 De Tol",Haagweg 157 Monster,REI-0023,,,,
573,2,,HLS0272,BEHEER,"Halte, NL:Q:42035801 De Tol",Haagweg 157 Monster,REI-0023,,,,
574,3,,HLS0268,BEHEER,"Halte, NL:Q:42035601 Plaats Langeveld",Haagweg 119 Monster,REI-0023,,,,
575,4,,HLS0268,BEHEER,"Halte, NL:Q:42035601 Plaats Langeveld",Haagweg 119 Monster,REI-0023,,,,
576,5,,HLS0270,BEHEER,"Halte, NL:Q:42035701 Schelppad",Haagweg 37 Monster,REI-0023,,,,
577,6,,HLS0271,BEHEER,"Halte, NL:Q:42035702 Schelppad",Haagweg 37 Monster,REI-0023,,,,
578,7,,HLS0279,BEHEER,"Halte, NL:Q:42036202 Watergat",Haagweg/Rijnweg Monster,REI-0023,,,,
579,8,,HLS0278,BEHEER,"Halte, NL:Q:42036201 Watergat",Haagweg/Rijnweg Monster,REI-0023,,,,
580,9,,HLS0277,BEHEER,"Halte, NL:Q:42036002 Verdilaan",Molenweg 7 Monster,REI-0023,,,,
581,10,,HLS0276,BEHEER,"Halte, NL:Q:42036001 Verdilaan",Molenweg 7 Monster,REI-0023,,,,
582,11,,HLS0422,BEHEER,"Halte, NL:Q:54290170 Madeweg",Molenweg 2 Monster,REI-0023,,,,Nieuw activum aangemaakt
583,12,,HLS0423,BEHEER,"Halte, NL:Q:54290180 Madeweg",Molenweg 45 Monster,REI-0023,,,,Nieuw activum aangemaakt
584,,,HLS0265,BEHEER,"Halte, NL:Q:42035201 Duinstraat",Molenstraat 224 Monster,REI-0023,,,,Verwijderen
585,13,,HLS0264,BEHEER,"Halte, NL:Q:42035202 Duinstraat",Molenstraat 224 Monster,REI-0023,,,,Halte bestaat
586,14,,HLS0274,BEHEER,"Halte, NL:Q:42035902 Taets van Amerongenstraat",Goudenregenstraat 2 Monster,REI-0023,,,,Halte bestaat
587,,,HLS0275,BEHEER,"Halte, NL:Q:42035901 Taets van Amerongenstraat",Larixlaan 54 Monster,REI-0023,,,,Verwijderen
588,,,HLS0262,BEHEER,"Halte, NL:Q:42035101 Acaciastraat",Acaciastraat 1 Monster,REI-0023,,,,Verwijderen
589,15,,HLS0263,BEHEER,"Halte, NL:Q:42035102 Acaciastraat",Acaciastraat 1 Monster,REI-0023,,,,Halte bestaat
590,16,,HLS0267,BEHEER,"Halte, NL:Q:42035302 Emmaplein",Hortensiastraat 50 Monster,REI-0023,,,,Halte bestaat
591,,,HLS0266,BEHEER,"Halte, NL:Q:42035301 Emmaplein",Hortensiastraat 50 Monster,REI-0023,,,,Verwijderen
592,17,,HLS0228,BEHEER,"Halte, NL:Q:42021701 Hoflaan",Kon Julianalaan/van Heuven Goedhart's-Gravenzande l aan,REI-0023,,,,
593,18,,HLS0222,BEHEER,"Halte, NL:Q:42021201 De Brug",Oude Landstraat 166 's-Gravenzande,REI-0023,,,,
594,19,,HLS0232,BEHEER,"Halte, NL:Q:42022002 Langestraat (2x)",Oude Landstraat 2A 's-Gravenzande,REI-0023,,,,
595,20,,HLS0233,BEHEER,"Halte, NL:Q:42022301 Naaldwijkseweg",Vestdijklaan 11 's-Gravenzande,REI-0023,,,,
596,21,,HLS0237,BEHEER,"Halte, NL:Q:42023301 Zandeveltplein (2x)",Zandeveltstraat 's-Gravenzande,REI-0023,,,,
597,22,,HLS0237,BEHEER,"Halte, NL:Q:42023301 Zandeveltplein (2x)",Zandeveltstraat 's-Gravenzande,REI-0023,,,,
598,23,,HLS0234,BEHEER,"Halte, NL:Q:42022302 Naaldwijkseweg",Vestdijklaan 3 's-Gravenzande,REI-0023,,,,
599,24,,HLS0232,BEHEER,"Halte, NL:Q:42022002 Langestraat (2x)",Oude Landstraat 7 's-Gravenzande,REI-0023,,,,
600,25,,HLS0223,BEHEER,"Halte, NL:Q:42021202 De Brug",Oude Landstraat 170 's-Gravenzande,REI-0023,,,,
601,26,,HLS0229,BEHEER,"Halte, NL:Q:42021702 Hoflaan",Kon Julianalaan/van Heuven 's-Gravenzande aan,REI-0023,,,,Verplaatst van D302 naar D301
602,,,,,,,,,,,
603,PO: REI3D302,,Route: REI-D302,,,,,,,,
604,1,,HLS0244,BEHEER,"Halte, NL:Q:42026501 Raaphorstbrug",Heulweg 43B Kwintsheul,REI-0023,,,,
605,2,,HLS0244,BEHEER,"Halte, NL:Q:42026501 Raaphorstbrug",Heulweg 54A Kwintsheul,REI-0023,,,,
606,3,,HLS0245,BEHEER,"Halte, NL:Q:42026601 RK-Kerk",Kerkstraat/de Raaphorst Kwintsheul,REI-0023,,,,
607,4,,HLS0246,BEHEER,"Halte, NL:Q:42026602 RK-Kerk",Kerkstraat/de Raaphorst Kwintsheul,REI-0023,,,,
608,5,,HLS0291,BEHEER,"Halte, NL:Q:42041001 Pijle Tuinen",Middel Broekweg/Pijle Tuinenweg Naaldwijk,REI-0023,,,,
609,6,,HLS0292,BEHEER,"Halte, NL:Q:42041002 Pijle Tuinen",Middel Broekweg/Pijle Tuinenweg Naaldwijk,REI-0023,,,,
610,7,,HLS0288,BEHEER,"Halte, NL:Q:42040602 Linde",Secretaris Verhoefweg/Linde Naaldwijk,REI-0023,,,,
611,8,,HLS0290,BEHEER,"Halte, NL:Q:42040702 Lage Woerd",van der Hoevenstraat/Lage Woerd Naaldwijk,REI-0023,,,,
612,9,,HLS0285,BEHEER,"Halte, NL:Q:42040501 Industriestraat",Dijkweg 56 Naaldwijk,REI-0023,,,,
613,10,,HLS0243,BEHEER,"Halte, NL:Q:42024602 Strijplaan",Dijkweg 143 Honselersdijk,REI-0023,,,,
614,11,,HLS0239,BEHEER,"Halte, NL:Q:42024102 Nederhof",Dijkweg Voorbij Stationsweg Honselersdijk,REI-0023,,,,
615,12,,HLS0241,BEHEER,"Halte, NL:Q:42024202 Nieuweweg",Nieuweweg 11 Honselersdijk,REI-0023,,,,
616,13,,HLS0240,BEHEER,"Halte, NL:Q:42024201 Nieuweweg",Nieuweweg 11 Honselersdijk,REI-0023,,,,
617,14,,HLS0238,BEHEER,"Halte, NL:Q:42024101 Nederhof",Dijkweg Voorbij Stationsweg Honselersdijk,REI-0023,,,,
618,15,,HLS0286,BEHEER,"Halte, NL:Q:42040502 Industriestraat",Dijkweg 56 Naaldwijk,REI-0023,,,,
619,16,,HLS0281,BEHEER,"Halte, NL:Q:42040101 Ambachtstraat",Grote Woerdlaan 28 Naaldwijk,REI-0023,,,,
620,17,,HLS0283,BEHEER,"Halte, NL:Q:42040401 Hoge Woerd",Grote Woerdlaan 36B Naaldwijk,REI-0023,,,,
621,18,,HLS0284,BEHEER,"Halte, NL:Q:42040402 Hoge Woerd",Grote Woerdlaan/Industriestraat Naaldwijk,REI-0023,,,,
622,19,,HLS0282,BEHEER,"Halte, NL:Q:42040102 Ambachtstraat",Grote Woerdlaan 23D Naaldwijk,REI-0023,,,,
623,20,,HLS0289,BEHEER,"Halte, NL:Q:42040701 Lage Woerd",van der Hoevenstraat/Lage Woerd Naaldwijk,REI-0023,,,,
624,21,,HLS0287,BEHEER,"Halte, NL:Q:42040601 Linde",Secretaris Verhoefweg/Linde Naaldwijk,REI-0023,,,,
625,22,,HLS0294,BEHEER,"Halte, NL:Q:42041302 Zuidweg",Kruisbroekweg/Secretaris Verhoefweg Naaldwijk,REI-0023,,,,
626,23,,HLS0293,BEHEER,"Halte, NL:Q:42041301 Zuidweg",Kruisbroekweg/Secretaris VerhoefwegNaaldwijk,REI-0023,,,,Verplaatst van D303 naar D302
627,,,,,,,,,,,
628,PO:REI3D303,,Route: REI-D303,,,,,,,,
629,Volgorde,Locatie,Activum,Activum status,Beschrijving activum/locatie,Beschrijving,Taakplan,Inspectieformulier,Naam,,
630,1,,HLS0227,BEHEER,"Halte, NL:Q:42021602 Heliotroop",Koningin Julianalaan/Heliotroop 's-Gravenzande,REI-0023,,,,
631,2,,HLS0225,BEHEER,"Halte, NL:Q:42021302 Edisonstraat",Koningin Julianalaan/Eikenlaan 's-Gravenzande,REI-0023,,,,
632,3,,HLS0224,BEHEER,"Halte, NL:Q:42021301 Edisonstraat",Koningin Julianalaan/Eikenlaan 's-Gravenzande,REI-0023,,,,
633,4,,HLS0226,BEHEER,"Halte, NL:Q:42021601 Heliotroop",Koningin Julianalaan/Heliotroop 's-Gravenzande,REI-0023,,,,
634,5,,HLS0120,BEHEER,"Halte, NL:Q:42008802 Hoofdstraat",M.A. de Ruyterstraat/Piet Heinstraat De Lier,REI-0023,,,,
635,6,,HLS0119,BEHEER,"Halte, NL:Q:42008801 Hoofdstraat",M.A. de Ruyterstraat/Piet Heinstraat De Lier,REI-0023,,,,
636,7,,HLS0123,BEHEER,"Halte, NL:Q:42009501 Zwethburgh",Bleijenburg 37 De Lier,REI-0023,,,,
637,8,,HLS0359,BEHEER,"Halte, NL:Q:42009502 Zwethburgh",Bleijenburg 37 De Lier,REI-0023,,,,
638,9,,HLS0121,BEHEER,"Halte, NL:Q:42009401 Sportlaan",Diepenburg/Sportlaan De Lier,REI-0023,,,,
639,10,,HLS0122,BEHEER,"Halte, NL:Q:42009402 Sportlaan",Sportlaan/Diepenburg De Lier,REI-0023,,,,
640,11,,HLS0328,BEHEER,"Halte, NL:Q:42071602 Kijckerweg",Sportlaan/Kijckerweg De Lier,REI-0023,,,,
641,12,,HLS0327,BEHEER,"Halte, NL:Q:42071601 Kijckerweg",Sportlaan/Kijckerweg De Lier,REI-0023,,,,
642,13,,HLS0009,BEHEER,"Halte, NL:Q:42000601 Rooms Katholieke Kerk",Hoornseweg/Voorhaven Den Hoorn,REI-0023,,,,Verplaatst van D304 naar D303
643,14,,HLS0382,BEHEER,"Halte, NL:Q:42000102 Houtzagerij",Hoornseweg/Voorhaven Den Hoorn,REI-0023,,,,Verplaatst van D304 naar D303
644,15,,HLS0383,BEHEER,"Halte, NL:Q:54266300 Hooipolderweg",Rijksstraatweg 1 Den Hoorn,REI-0023,,,,Verplaatst van D304 naar D303
645,16,,HLS0384,BEHEER,"Halte, NL:Q:54266290 Hooipolderweg",Harnasdreef/Hooipolderweg Den Hoorn,REI-0023,,,,Verplaatst van D304 naar D303
646,17,,HLS0323,BEHEER,"Halte, NL:Q:42070202 Harnaschdreef",Harnasdreef/Hooipolderweg Den Hoorn,REI-0023,,,,Verplaatst van D304 naar D303
647,18,,HLS0322,BEHEER,"Halte, NL:Q:42070201 Harnaschdreef",,REI-0023,,,,Verplaatst van D304 naar D303
648,19,,HLS0385,BEHEER,"Halte, NL:Q:42076702 Heernesse",Harnasdreef/Aagtenland Den Hoorn,REI-0023,,,,Verplaatst van D304 naar D303
649,20,,HLS0386,BEHEER,"Halte, NL:Q:42076701 Heernesse",Harnasdreef/Aagtenland Den Hoorn,REI-0023,,,,Verplaatst van D304 naar D303
650,21,,HLS0324,BEHEER,"Halte, NL:Q:42070301 Woudselaan",Harnasdreef/Noorhoorn Den Hoorn,REI-0023,,,,Verplaatst van D304 naar D303
651,22,,HLS0325,BEHEER,"Halte, NL:Q:42070302 Woudselaan",Harnasdreef/Noorhoorn Den Hoorn,REI-0023,,,,Verplaatst van D304 naar D303
652,,,,,,,,,,,
653,PO:REI3D304,,Route: REI-D304,,,,,,,,
654,Volgorde,Locatie,Activum,Activum status,Beschrijving activum/locatie,Beschrijving,Taakplan,Inspectieformulier,Naam,,
655,1,,HLS0253,BEHEER,"Halte, NL:Q:42034302 Hammerdreef",Hofsingel/Hammerdreef Maasland,REI-0023,,,,
656,2,,HLS0255,BEHEER,"Halte, NL:Q:42034402 Kluisweer",Hofsingel/Hammerdreef Maasland,REI-0023,,,,
657,3,,HLS0255,BEHEER,"Halte, NL:Q:42034402 Kluisweer",Hofsingel/Breeveld Maasland,REI-0023,,,,
658,4,,HLS0250,BEHEER,"Halte, NL:Q:42034101 Doelstraat",Hofsingel/Breeveld Maasland,REI-0023,,,,
659,5,,HLS0251,BEHEER,"Halte, NL:Q:42034102 Doelstraat",Hofsingel 47 Maasland,REI-0023,,,,
660,6,,HLS0248,BEHEER,"Halte, NL:Q:42034001 Commandeurskade",Hofsingel 47 Maasland,REI-0023,,,,
661,7,,HLS0248,BEHEER,"Halte, NL:Q:42034001 Commandeurskade",Commandeurskade 14 Maasland,REI-0023,,,,
662,8,,HLS0010,BEHEER,"Halte, NL:Q:42000602 Rooms Katholieke Kerk",Commandeurskade 14 Maasland,REI-0023,,,,
663,9,,HLS0261,BEHEER,"Halte, NL:Q:42035004 Viaduct B",Oude Veiling/Kortebuurt Maasland,REI-0023,,,,Verplaatst van D303 naar D304
664,10,,HLS0260,BEHEER,"Halte, NL:Q:42035003 Viaduct D",Oude Veiling/Kortebuurt Maasland,REI-0023,,,,Verplaatst van D303 naar D304
665,11,,HLS0259,BEHEER,"Halte, NL:Q:42035002 Viaduct C",Oude Veiling/Kortebuurt Maasland,REI-0023,,,,Verplaatst van D303 naar D304
666,12,,HLS0258,BEHEER,"Halte, NL:Q:42035001 Viaduct E",Oude Veiling/Kortebuurt Maasland,REI-0023,,,,Verplaatst van D303 naar D304
667,13,,HLS0256,BEHEER,"Halte, NL:Q:42034901 Nieuw Huis Ter Lucht",Kerkweg 34 Maasland,REI-0023,,,,Verplaatst van D303 naar D304
668,14,,HLS0257,BEHEER,"Halte, NL:Q:42034902 Nieuw Huis Ter Lucht",Kerkweg 34 Maasland,REI-0023,,,,Verplaatst van D303 naar D304
669,15,,HLS0252,BEHEER,"Halte, NL:Q:42034301 Hammerdreef",Hofsingel/Hammerdreef Maasland,REI-0023,,,,Verplaatst van D303 naar D304
670,,,,,,,,,,,
671,,,,,,,,,,,
672,www.ritplan.nl,,,,,,,,,,
