,PO:REI3N101,Unnamed: 1,Route: REI-N101,Unnamed: 3,Unnamed: 4,Unnamed: 5,Unnamed: 6,Unnamed: 7,Unnamed: 8,Unnamed: 9
0,Volgorde,Locatie,Activum,Activum status,Beschrijving activum/locatie,Beschrijving,Taakplan,Inspectieformulier,Naam,Opmerkingen
1,1,,HLT9584,BEHEER,"Halte, NL:Q:32009584 Oude Middenweg",Pijlkruidveld 2,REI-0023,,,
2,2,,HLT9585,BEHEER,"Halte, NL:Q:32009585 Oude Middenweg",Pijlkruidveld 2,REI-0023,,,
3,3,,HLT9586,BEHEER,"Halte, NL:Q:32009586 Klaverveld",Pijlkruidveld 55,REI-0023,,,
4,4,,HLT9587,BEHEER,"Halte, NL:Q:32009587 Klaverveld",Pijlkruidveld 55,REI-0023,,,
5,5,,HLS0387,BEHEER,"Halte, NL:Q:42014901 Leidschenveen Centrum",Laan van leidscheveen Metrostation,REI-0023,,,
6,6,,HLT9589,BEHEER,"Halte, NL:Q:32009589 Leidschenveen Centrum",Laan van leidscheveen Metrostation,REI-0023,,,
7,7,,HLT9591,BEHEER,"Halte, NL:Q:32009591 Lanen",Laan van leidscheveen Busbaan,REI-0023,,,
8,8,,HLT9591,BEHEER,"Halte, NL:Q:32009591 Lanen",Laan van leidscheveen Busbaan,REI-0023,,,
9,9,,HLT9841,BEHEER,"Halte, NL:Q:32009841 Station Ypenburg",Laan van leidscheveen Busbaan,REI-0023,,,
10,10,,HLT9841,BEHEER,"Halte, NL:Q:32009841 Station Ypenburg",Laan van leidscheveen Busbaan,REI-0023,,,
11,11,,HLT9840,BEHEER,"Halte, NL:Q:32009840 Station Ypenburg",Laan van leidscheveen/Ypenburgse Stationweg,REI-0023,,,
12,12,,HLS0186,BEHEER,"Halte, NL:Q:42017301 Station Ypenburg",Laan van leidscheveen/Ypenburgse Stationweg,REI-0023,,,
13,13,,HLS0173,BEHEER,"Halte, NL:Q:42016001 Laan van Nootdorp",Ypenburgsestationsweg/Laan van Nootdorp,REI-0023,,,
14,14,,HLT9808,BEHEER,"Halte, NL:Q:32009808 Weidevogellaan",Laan van Nootdorp/Kiekendiefstraat,REI-0023,,,
15,15,,HLT9807,BEHEER,"Halte, NL:Q:32009807 Weidevogellaan",Laan van Nootdorp/Kiekendiefstraat,REI-0023,,,
16,16,,HLT9809,BEHEER,"Halte, NL:Q:32009809 Weidevogellaan",Laan van Nootdorp/Kiekendiefstraat,REI-0023,,,
17,17,,HLT9813,BEHEER,"Halte, NL:Q:32009813 Gruttosingel",Nootdorpse landingslaan 96,REI-0023,,,
18,18,,HLT9812,BEHEER,"Halte, NL:Q:32009812 Gruttosingel",Nootdorpse landingslaan 96,REI-0023,,,
19,19,,HLT9811,BEHEER,"Halte, NL:Q:32009811 Scholekstersingel",Nootdorpse landingslaan/Sperwerksingel,REI-0023,,,
20,20,,HLT9810,BEHEER,"Halte, NL:Q:32009810 Scholekstersingel",Nootdorpse landingslaan/Sperwerksingel,REI-0023,,,
21,21,,HLT5944,BEHEER,"Halte, NL:Q:32005944 Ypenburg Centrum",Ypenburg Centrum,REI-0023,,,
22,22,,HLT5945,BEHEER,"Halte, NL:Q:32005945 Ypenburg Centrum",Ypenburg Centrum,REI-0023,,,
23,,,,,,,,,,
24,PO:REI3N102,,Route: REI-N102,,,,,,,
25,Volgorde,Locatie,Activum,Activum status,Beschrijving activum/locatie,Beschrijving,Taakplan,Inspectieformulier,Naam,
26,1,,HLT5946,BEHEER,"Halte, NL:Q:32005946 Anthony Fokkersingel",Rijswijkse Landingslaan 153,REI-0023,,,
27,2,,HLT5947,BEHEER,"Halte, NL:Q:32005947 Anthony Fokkersingel",Rijswijkse Landingslaan 153,REI-0023,,,
28,3,,HLS0339,BEHEER,"Halte, NL:Q:42073402 Waterviolier",Brasserhoutweg/Elzenbroeklaan,REI-0023,,,
29,4,,HLS0338,BEHEER,"Halte, NL:Q:42073401 Waterviolier",Brasserhoutweg/Elzenbroeklaan,REI-0023,,,
30,5,,HLT5940,BEHEER,"Halte, NL:Q:32005940 Plesmanlaan",Laan van Hoornwijk 260,REI-0023,,,
31,6,,HLT5940,BEHEER,"Halte, NL:Q:32005940 Plesmanlaan",Laan van Hoornwijk 260,REI-0023,,,
32,7,,HLT5941,BEHEER,"Halte, NL:Q:32005941 Plesmanlaan",Laan van Hoornwijk 260,REI-0023,,,
33,8,,HLT5941,BEHEER,"Halte, NL:Q:32005941 Plesmanlaan",Laan van Hoornwijk 260,REI-0023,,,
34,9,,HLT5938,BEHEER,"Halte, NL:Q:32005938 Laan van Ypenburg",Laan van Hoornwijk/Laan van Ypenburg,REI-0023,,,
35,10,,HLT5939,BEHEER,"Halte, NL:Q:32005939 Laan van Ypenburg",Laan van Hoornwijk/Laan van Ypenburg,REI-0023,,,
36,11,,HLT5937,BEHEER,"Halte, NL:Q:32005937 Laan van 's-Gravenmade",Laan van Hoornwijk/Laan van Ypenburg,REI-0023,,,
37,12,,HLT5936,BEHEER,"Halte, NL:Q:32005936 Laan van 's-Gravenmade",Laan van Hoornwijk/Laan van Ypenburg,REI-0023,,,
38,13,,HLS0168,BEHEER,"Halte, NL:Q:42015801 Laan van 's-Gravenmade",Laan van hoornwijk/Laan van Zuidhorn,REI-0023,,,Toegevoegd
39,14,,HLT0906,BEHEER,"Halte, NL:Q:32000906 Frankenslag",Scheveningseweg/Frankenslag,REI-0023,,,
40,15,,HLT0907,BEHEER,"Halte, NL:Q:32000907 Frankenslag",Scheveningseweg/Frankenslag,REI-0023,,,
41,16,,HLT0723,BEHEER,"Halte, NL:Q:32000723 Duinstraat",Scheveningseweg 249,REI-0023,,,
42,17,,HLT0722,BEHEER,"Halte, NL:Q:32000722 Duinstraat",Scheveningseweg 249,REI-0023,,,
43,18,,HLT0720,Uitbeheer,"Halte, NL:Q:32000720 Prins Willemstraat",Duinstraat 9,REI-0023,,,Uitbeheer nemen
44,19,,HLT0721,Uitbeheer,"Halte, NL:Q:32000721 Prins Willemstraat",Prins Willemstraat t.h.v Hoogvliet,REI-0023,,,Uitbeheer nemen
45,20,,HLT0716,BEHEER,"Halte, NL:Q:32000716 Duinstraat",Duinstraat 25,REI-0023,,,
46,21,,HLT0717,BEHEER,"Halte, NL:Q:32000717 Duinstraat",Duinstraat 25,REI-0023,,,
47,22,,HLT0710,BEHEER,"Halte, NL:Q:32000710 Vuurbaakstraat (ontwerp bijlage)",Jacob pronkstraat 158,REI-0023,,,
48,23,,HLT0711,BEHEER,"Halte, NL:Q:32000711 Vuurbaakstraat",Jacob pronkstraat 158,REI-0023,,,
49,24,,HLT0736,BEHEER,"Halte, NL:Q:32000736 Strandweg",Jacob pronkstraat 158,REI-0023,,,
50,25,,HLT0701,BEHEER,"Halte, NL:Q:32000701 Strandweg (ontwerp bijlage)",Jacob pronkstraat 158,REI-0023,,,
51,,,,,,,,,,
52,PO: REI3N103,,Route: REI-N103,,,,,,,
53,Volgorde,Locatie,Activum,Activum status,Beschrijving activum/locatie,Beschrijving,Taakplan,Inspectieformulier,Naam,
54,1,,HLT0221,BEHEER,"Halte, NL:Q:32000221 Gentsestraat",Gentsestraat 85,REI-0023,,,Verplaatst van D108 naar N103
55,2,,HLT0745,BEHEER,"Halte, NL:Q:32000745 Keizerstraat",Jurriaan Kokstraat 238,REI-0023,,,Verplaatst van D110 naar N103
56,3,,HLT0746,BEHEER,"Halte, NL:Q:32000746 Keizerstraat",Jurriaan Kokstraat 238,REI-0023,,,Stond niet in het PO nu toegevoegd
57,4,,HLT0715,BEHEER,"Halte, NL:Q:32000715 Keizerstraat",Jurian kokstraat 292,REI-0023,,,
58,5,,HLT0714,BEHEER,"Halte, NL:Q:32000714 Keizerstraat",Jurian kokstraat 292,REI-0023,,,
59,6,,HLT0708,BEHEER,"Halte, NL:Q:32000708 Circustheater",Circusplein 50,REI-0023,,,
60,7,,HLT0708,BEHEER,"Halte, NL:Q:32000708 Circustheater",Circusplein 50,REI-0023,,,
61,8,,HLT0728,BEHEER,"Halte, NL:Q:32000728 Nieuwe Duinweg",Nieuwe parklaan 101,REI-0023,,,
62,9,,HLT0729,BEHEER,"Halte, NL:Q:32000729 Nieuwe Duinweg",Nieuwe parklaan 101,REI-0023,,,
63,10,,HLT0303,BEHEER,"Halte, NL:Q:32000303 Wagenaarweg",Nieuwe parklaan 48C,REI-0023,,,Opgeschoven in volgorde
64,11,,HLT0304,BEHEER,"Halte, NL:Q:32000304 Wagenaarweg",Nieuwe parklaan 48C,REI-0023,,,Opgeschoven in volgorde
65,12,,HLT0602,BEHEER,"Halte, NL:Q:32000602 Madurodam",George Maduroplein 1,REI-0023,,,Opgeschoven in volgorde
66,13,,HLT0601,BEHEER,"Halte, NL:Q:32000601 Madurodam",Koninginnegracht/Dokter Aletta Jacobsweg,REI-0023,,,Opgeschoven in volgorde
67,14,,HLT0601,BEHEER,"Halte, NL:Q:32000601 Madurodam",Koninginnegracht/Dokter Aletta Jacobsweg,REI-0023,,,Opgeschoven in volgorde
68,15,,HLT0505,BEHEER,"Halte, NL:Q:32000505 Riouwstraat",Koninginnegracht 101,REI-0023,,,Opgeschoven in volgorde
69,16,,HLT0506,BEHEER,"Halte, NL:Q:32000506 Riouwstraat",Koninginnegracht 101,REI-0023,,,Toegevoegd uit N104
70,17,,HLT0513,BEHEER,"Halte, NL:Q:32000513 Laan Copes van Cattenburch",Koninginnegracht 78,REI-0023,,,Toegevoegd uit N104
71,18,,HLT0514,BEHEER,"Halte, NL:Q:32000514 Laan Copes van Cattenburch",Koninginnegracht 76,REI-0023,,,Toegevoegd uit N104
72,19,,HLT0519,BEHEER,"Halte, NL:Q:32000519 Javabrug",Koninginnegracht 40,REI-0023,,,Toegevoegd uit N104
73,20,,HLT0520,BEHEER,"Halte, NL:Q:32000520 Javabrug",Koninginnegracht 34,REI-0023,,,Toegevoegd uit N104
74,21,,HLT2309,BEHEER,"Halte, NL:Q:32002309 Dr. Kuyperstraat",Koninginnegracht 16,REI-0023,,,Toegevoegd uit N104
75,22,,HLT2310,BEHEER,"Halte, NL:Q:32002310 Dr. Kuyperstraat",Koninginnegracht 12,REI-0023,,,Toegevoegd uit N104
76,,,,,,,,,,
77,PO:REI3N104,,Route: REI-N104,,,,,,,
78,Volgorde,Locatie,Activum,Activum status,Beschrijving activum/locatie,Beschrijving,Taakplan,Inspectieformulier,Naam,
79,1,,HLT2811,BEHEER,"Halte, NL:Q:32002811 Malieveld",Prinsessegracht 15,REI-0023,,,Opgeschoven in volgorde
80,2,,HLT2810,BEHEER,"Halte, NL:Q:32002810 Malieveld",Prinsessegracht 15,REI-0023,,,Opgeschoven in volgorde
81,3,,HLT2813,BEHEER,"Halte, NL:Q:32002813 Korte Voorhout",Korte Voorhout 20,REI-0023,,,Opgeschoven in volgorde
82,4,,HLT2813,BEHEER,"Halte, NL:Q:32002813 Korte Voorhout",Korte Voorhout 20,REI-0023,,,Opgeschoven in volgorde
83,5,,HLT2812,BEHEER,"Halte, NL:Q:32002812 Korte Voorhout",Korte Voorhout 20,REI-0023,,,Opgeschoven in volgorde
84,6,,HLT2812,BEHEER,"Halte, NL:Q:32002812 Korte Voorhout",Korte Voorhout 20,REI-0023,,,Opgeschoven in volgorde
85,7,,HLS0360,BEHEER,"Halte, NL:Q:54000470 Boslaan",Benoordenhoutseweg/Boslaan,REI-0023,,,Opgeschoven in volgorde
86,8,,HLT0439,BEHEER,"Halte, NL:Q:32000439 Willem Witsenplein",Willem Witsenplein 1,REI-0023,,,Opgeschoven in volgorde
87,9,,HLT0438,BEHEER,"Halte, NL:Q:32000438 Willem Witsenplein",Van Alkemadelaan 2,REI-0023,,,Opgeschoven in volgorde
88,10,,HLT2519,BEHEER,"Halte, NL:Q:32002519 Het Kleine Loo",Hofzichtlaan 56,REI-0023,,,Verplaatst uit N123
89,11,,HLT2520,BEHEER,"Halte, NL:Q:32002520 Het Kleine Loo",Hofzichtlaan 56,REI-0023,,,Verplaatst uit N123
90,12,,HLT2525,BEHEER,"Halte, NL:Q:32002525 Station Mariahoeve",Hofzichtlaan/Aegonplein,REI-0023,,,Verplaatst uit N123
91,13,,HLT2526,BEHEER,"Halte, NL:Q:32002526 Station Mariahoeve",Hofzichtlaan/Aegonplein,REI-0023,,,Verplaatst uit N123
92,14,,HLT2521,BEHEER,"Halte, NL:Q:32002521 Margarethaland",Hofzichtlaan/Hongarenburg,REI-0023,,,Verplaatst uit N123
93,15,,HLT2522,BEHEER,"Halte, NL:Q:32002522 Margarethaland",Hofzichtlaan 172,REI-0023,,,Verplaatst uit N123
94,16,,HLT2523,BEHEER,"Halte, NL:Q:32002523 Margarethaland",Hofzichtlaan/Margarethaland,REI-0023,,,
95,17,,HLT2524,BEHEER,"Halte, NL:Q:32002524 Margarethaland",Hofzichtlaan/Margarethaland,REI-0023,,,
96,18,,HLT2518,BEHEER,"Halte, NL:Q:32002518 Hofzichtlaan",Het kleine Looi/Hofzichtlaan,REI-0023,,,
97,19,,HLT2517,BEHEER,"Halte, NL:Q:32002517 Hofzichtlaan",Het kleine Looi/Hofzichtlaan,REI-0023,,,
98,20,,HLT2516,BEHEER,"Halte, NL:Q:32002516 Vlamenburg",Het kleine Looi 298,REI-0023,,,
99,21,,HLT2515,BEHEER,"Halte, NL:Q:32002515 Vlamenburg",Het kleine Looi 298,REI-0023,,,
100,22,,HLT2514,BEHEER,"Halte, NL:Q:32002514 Reigersbergenweg",Het kleine Looi 104,REI-0023,,,Toegevoeg uit N105
101,23,,HLT2513,BEHEER,"Halte, NL:Q:32002513 Reigersbergenweg",Het kleine Looi 104,REI-0023,,,Toegevoeg uit N105
102,24,,HLT2510,BEHEER,"Halte, NL:Q:32002510 Carel Reinierszkade",Het kleine Looi/Carel Reinierszkade,REI-0023,,,Toegevoeg uit N105
103,25,,HLT2509,BEHEER,"Halte, NL:Q:32002509 Carel Reinierszkade",Het kleine Looi/Carel Reinierszkade,REI-0023,,,Toegevoeg uit N105
104,,,,,,,,,,
105,PO:REI3N105,,Route:REI-N105,,,,,,,
106,Volgorde,Locatie,Activum,Activum status,Beschrijving activum/locatie,Beschrijving,Taakplan,Inspectieformulier,Naam,
107,1,,HLT2651,BEHEER,"Halte, NL:Q:32002651 Stuyvesantplein",Stuyvesantplein 59,REI-0023,,,Opgeschoven in volgorde
108,2,,HLT2652,BEHEER,"Halte, NL:Q:32002652 Stuyvesantplein",Juliana van Stoberglaan 199,REI-0023,,,Opgeschoven in volgorde
109,3,,HLT2651,BEHEER,"Halte, NL:Q:32002651 Stuyvesantplein",Stuyvesantplein 59,REI-0023,,,Opgeschoven in volgorde
110,4,,HLT2652,BEHEER,"Halte, NL:Q:32002652 Stuyvesantplein",Juliana van Stoberglaan 199,REI-0023,,,Opgeschoven in volgorde
111,5,,HLT2647,BEHEER,"Halte, NL:Q:32002647 Oostinje",Juliana van Stoberglaan 125,REI-0023,,,Opgeschoven in volgorde
112,6,,HLT2647,BEHEER,"Halte, NL:Q:32002647 Oostinje",Juliana van Stoberglaan 125,REI-0023,,,Opgeschoven in volgorde
113,7,,HLT2648,BEHEER,"Halte, NL:Q:32002648 Oostinje",Juliana van Stoberglaan 125,REI-0023,,,Opgeschoven in volgorde
114,8,,HLT2648,BEHEER,"Halte, NL:Q:32002648 Oostinje",Juliana van Stoberglaan 125,REI-0023,,,Opgeschoven in volgorde
115,9,,HLT2655,BEHEER,"Halte, NL:Q:32002655 Stuyvesantstraat",Laan van Nieuw Oost Indië 275,REI-0023,,,Opgeschoven in volgorde
116,10,,HLT2656,BEHEER,"Halte, NL:Q:32002656 Stuyvesantstraat",Laan van Nieuw Oost Indië 275,REI-0023,,,Opgeschoven in volgorde
117,11,,HLT2698,BEHEER,"Halte, NL:Q:32002698 Station Laan van NOI",Anna van Hannoverstraat 4,REI-0023,,,Opgeschoven in volgorde
118,12,,HLT2659,BEHEER,"Halte, NL:Q:32002659 Station Laan van NOI (ontwerp bijlage)",Laan van Nieuw Oost Indië 293,REI-0023,,,Opgeschoven in volgorde
119,13,,HLT2659,BEHEER,"Halte, NL:Q:32002659 Station Laan van NOI (ontwerp bijlage)",Laan van Nieuw Oost Indië 293,REI-0023,,,Opgeschoven in volgorde
120,14,,HLT2658,BEHEER,"Halte, NL:Q:32002658 Station Laan van NOI",Laan van Nieuw Oost Indië 293,REI-0023,,,Opgeschoven in volgorde
121,15,,HLT2658,BEHEER,"Halte, NL:Q:32002658 Station Laan van NOI",Laan van Nieuw Oost Indië 293,REI-0023,,,Opgeschoven in volgorde
122,16,,HLT3359,BEHEER,"Halte, NL:Q:32003359 Melis Stokelaan",Lozerlaan 1274,REI-0023,,,Verplaatst uit N123
123,17,,HLT3358,BEHEER,"Halte, NL:Q:32003358 Melis Stokelaan",Lozerlaan 1274,REI-0023,,,Verplaatst uit N123
124,18,,HLT3364,BEHEER,"Halte, NL:Q:32003364 Erasmusweg",Lozerlaan 1761,REI-0023,,,Verplaatst uit N123
125,19,,HLT3363,BEHEER,"Halte, NL:Q:32003363 Erasmusweg",Lozerlaan 1761,REI-0023,,,Verplaatst uit N123
126,20,,HLT3372,BEHEER,"Halte, NL:Q:32003372 Revalidatiecentrum",Vrederustlaan Hofstedepad,REI-0023,,,Verplaatst uit N123
127,21,,HLT3373,BEHEER,"Halte, NL:Q:32003373 Revalidatiecentrum",Vrederustlaan Hofstedepad,REI-0023,,,Verplaatst uit N123
128,22,,HLT3314,BEHEER,"Halte, NL:Q:32003314 De Stede",Vrederustlaan 53,REI-0023,,,Verplaatst uit N123
129,23,,HLT3313,BEHEER,"Halte, NL:Q:32003313 De Stede",Vrederustlaan 53,REI-0023,,,Verplaatst uit N123
130,24,,HLT3303,BEHEER,"Halte, NL:Q:32003303 Drapeniersgaarde",Vrederustlaan 123,REI-0023,,,Verplaatst uit N123
131,25,,HLT3302,BEHEER,"Halte, NL:Q:32003302 Drapeniersgaarde",Vrederustlaan 123,REI-0023,,,Verplaatst uit N123
132,,,,,,,,,,
133,PO: REI3N106,,Route: REI-N106,,,,,,,
134,Volgorde,Locatie,Activum,Activum status,Beschrijving activum/locatie,Beschrijving,Taakplan,Inspectieformulier,Naam,
135,1,,HLT0936,BEHEER,"Halte, NL:Q:32000936 World Forum",Eisenhowerlaan 77,REI-0023,,,Verplaatst uit N119
136,2,,HLT0937,BEHEER,"Halte, NL:Q:32000937 World Forum",Eisenhowerlaan 77,REI-0023,,,Verplaatst uit N119
137,3,,HLT0938,BEHEER,"Halte, NL:Q:32000938 Johan de Wittlaan",Rooseveltplantsoen 3,REI-0023,,,Verplaatst uit N119
138,4,,HLT0939,BEHEER,"Halte, NL:Q:32000939 Johan de Wittlaan",Rooseveltplantsoen 3,REI-0023,,,Verplaatst uit N119
139,5,,HLT1105,BEHEER,"Halte, NL:Q:32001105 Kunstmuseum/Museon",Stadhouderslaan 80,REI-0023,,,
140,6,,HLT1104,BEHEER,"Halte, NL:Q:32001104 Kunstmuseum/Museon",Stadhouderslaan 80,REI-0023,,,
141,7,,HLT0915,BEHEER,"Halte, NL:Q:32000915 Frederik Hendriklaan",Statenlaan 41B,REI-0023,,,
142,8,,HLT0916,BEHEER,"Halte, NL:Q:32000916 Frederik Hendriklaan",Statenlaan 50,REI-0023,,,
143,9,,HLT0943,BEHEER,"Halte, NL:Q:32000943 Statenkwartier",Statenlaan 100,REI-0023,,,
144,10,,HLT0944,BEHEER,"Halte, NL:Q:32000944 Statenkwartier",Statenlaan 100,REI-0023,,,
145,11,,HLT0934,BEHEER,"Halte, NL:Q:32000934 Doornstraat",Doornstraat 401,REI-0023,,,
146,12,,HLT0935,BEHEER,"Halte, NL:Q:32000935 Doornstraat",Doornstraat 401,REI-0023,,,
147,13,,HLT0901,BEHEER,"Halte, NL:Q:32000901 Statenlaan",Scholstraat 2,REI-0023,,,
148,14,,HLT0902,BEHEER,"Halte, NL:Q:32000902 Statenlaan",Scholstraat 2,REI-0023,,,
149,15,,HLT0913,BEHEER,"Halte, NL:Q:32000913 Willem de Zwijgerlaan (ontwerp bijlage)",van Boetzelaerlaan 132,REI-0023,,,
150,16,,HLT0914,BEHEER,"Halte, NL:Q:32000914 Willem de Zwijgerlaan",van Boetzelaerlaan 132,REI-0023,,,
151,17,,HLT0923,BEHEER,"Halte, NL:Q:32000923 Boreelstraat",van Boetzelaerlaan 30,REI-0023,,,
152,18,,HLT0924,BEHEER,"Halte, NL:Q:32000924 Boreelstraat",van Boetzelaerlaan 30,REI-0023,,,
153,19,,HLT1102,BEHEER,"Halte, NL:Q:32001102 Houtrust",Conradkade/President Kennedylaan,REI-0023,,,
154,20,,HLT1101,BEHEER,"Halte, NL:Q:32001101 Houtrust",Conradkade/President Kennedylaan,REI-0023,,,
155,,,,,,,,,,
156,,,,,,,,,,
157,PO: REI3N107,,Route: REI-N107,,,,,,,
158,Volgorde,Locatie,Activum,Activum status,Beschrijving activum/locatie,Beschrijving,Taakplan,Inspectieformulier,Naam,
159,1,,HLT3839,BEHEER,"Halte, NL:Q:32003839 Leeghwaterplein",Leeghwaterplein 27,REI-0023,,,
160,2,,HLT3839,BEHEER,"Halte, NL:Q:32003839 Leeghwaterplein",Leeghwaterplein 27,REI-0023,,,
161,3,,HLT3840,BEHEER,"Halte, NL:Q:32003840 Leeghwaterplein",Leeghwaterplein 27,REI-0023,,,
162,4,,HLT3840,BEHEER,"Halte, NL:Q:32003840 Leeghwaterplein",Leeghwaterplein 27,REI-0023,,,
163,5,,HLT3809,BEHEER,"Halte, NL:Q:32003809 Oudemansstraat (ontwerp zie bijlage)",Oudemansstraat 36,REI-0023,,,
164,6,,HLT3809,BEHEER,"Halte, NL:Q:32003809 Oudemansstraat (ontwerp zie bijlage)",Oudemansstraat 36,REI-0023,,,
165,7,,HLT3810,BEHEER,"Halte, NL:Q:32003810 Oudemansstraat (ontwerp zie bijlage)",Oudemansstraat 36,REI-0023,,,
166,8,,HLT3810,BEHEER,"Halte, NL:Q:32003810 Oudemansstraat (ontwerp zie bijlage)",Oudemansstraat 36,REI-0023,,,
167,9,,HLT3823,BEHEER,"Halte, NL:Q:32003823 Lorentzplein (ontwerp zie bijlage)",Oudemansstraat 206,REI-0023,,,
168,10,,HLT3823,BEHEER,"Halte, NL:Q:32003823 Lorentzplein (ontwerp zie bijlage)",Oudemansstraat 206,REI-0023,,,
169,11,,HLT3824,BEHEER,"Halte, NL:Q:32003824 Lorentzplein (ontwerp zie bijlage)",Oudemansstraat 206,REI-0023,,,
170,12,,HLT3824,BEHEER,"Halte, NL:Q:32003824 Lorentzplein (ontwerp zie bijlage)",Oudemansstraat 206,REI-0023,,,
171,13,,HLT3821,BEHEER,"Halte, NL:Q:32003821 Jonckbloetplein",Gouverneurslaan 353,REI-0023,,,
172,14,,HLT3822,BEHEER,"Halte, NL:Q:32003822 Jonckbloetplein",Gouverneurslaan 353,REI-0023,,,
173,15,,HLT3817,BEHEER,"Halte, NL:Q:32003817 Van Zeggelenlaan",Gouverneurslaan 611,REI-0023,,,
174,16,,HLT3818,BEHEER,"Halte, NL:Q:32003818 Van Zeggelenlaan",Gouverneurslaan 666,REI-0023,,,
175,17,,HLT3841,BEHEER,"Halte, NL:Q:32003841 Alberdingk Thijmstraat",Hildebrandstraat 44,REI-0023,,,
176,18,,HLT3842,BEHEER,"Halte, NL:Q:32003842 Alberdingk Thijmstraat",Hildebrandstraat 44,REI-0023,,,
177,19,,HLT3815,BEHEER,"Halte, NL:Q:32003815 Broeksloot",Jan van der Heijdenstraat 11,REI-0023,,,
178,20,,HLT3837,BEHEER,"Halte, NL:Q:32003837 Broeksloot",Rijswijkseweg 674,REI-0023,,,
179,,,,,,,,,,
180,PO:REI3N108,,Route: REI-N108,,,,,,,
181,Volgorde,Locatie,Activum,Activum status,Beschrijving activum/locatie,Beschrijving,Taakplan,Inspectieformulier,Naam,
182,1,,HLT3828,BEHEER,"Halte, NL:Q:32003828 Wenckebachstraat",Rijswijkseweg 327,REI-0023,,,
183,2,,HLT3827,BEHEER,"Halte, NL:Q:32003827 Wenckebachstraat",Rijswijkseweg 281,REI-0023,,,
184,3,,HLT3813,BEHEER,"Halte, NL:Q:32003813 Van Musschenbroekstraat",Rijswijkseweg 127,REI-0023,,,
185,4,,HLT3814,BEHEER,"Halte, NL:Q:32003814 Van Musschenbroekstraat",Rijswijkseweg 362,REI-0023,,,
186,5,,HLT2601,BEHEER,"Halte, NL:Q:32002601 Centraal Station",Rijnstraat 8,REI-0023,,,
187,6,,HLT2602,BEHEER,"Halte, NL:Q:32002602 Centraal Station (ontwerp bijlage)",Rijnstraat 8,REI-0023,,,
188,7,,HLT2602,BEHEER,"Halte, NL:Q:32002602 Centraal Station (ontwerp bijlage)",Rijnstraat 8,REI-0023,,,
189,8,,HLT4010,BEHEER,"Halte, NL:Q:32004010 Hoge Veld",Laan van Wateringse Veld 541,REI-0023,,,
190,9,,HLT4009,BEHEER,"Halte, NL:Q:32004009 Hoge Veld",Laan van Wateringse Veld 541,REI-0023,,,
191,10,,HLT4012,BEHEER,"Halte, NL:Q:32004012 Oosteinde",Laan van Wateringse Veld 925,REI-0023,,,
192,11,,HLT4005,BEHEER,"Halte, NL:Q:32004005 Lage Veld",Laan van Wateringse Veld 1075,REI-0023,,,
193,12,,HLT4013,BEHEER,"Halte, NL:Q:32004013 Parijsplein",Middenweg 216,REI-0023,,,
194,13,,HLT6022,BEHEER,"Halte, NL:Q:32006022 Dorpskade",Turfschipper,REI-0023,,,
195,14,,HLT6019,BEHEER,"Halte, NL:Q:32006019 Dorpskade",Turfschipper,REI-0023,,,
196,15,,HLT4014,BEHEER,"Halte, NL:Q:32004014 Parijsplein (ontwerp zie bijlge)",Middenweg 216,REI-0023,,,
197,16,,HLT4006,BEHEER,"Halte, NL:Q:32004006 Lage Veld",Laan van Wateringse Veld 1072,REI-0023,,,
198,17,,HLT4011,BEHEER,"Halte, NL:Q:32004011 Oosteinde",Laan van Wateringse Veld 925,REI-0023,,,
199,18,,HLT3610,BEHEER,"Halte, NL:Q:32003610 Hardenbroekstraat",Erasmusweg 786,REI-0023,,,
200,19,,HLT3609,BEHEER,"Halte, NL:Q:32003609 Hardenbroekstraat",Erasmusweg 786,REI-0023,,,
201,20,,HLT3614,BEHEER,"Halte, NL:Q:32003614 Betje Wolffstraat",Erasmusweg 618,REI-0023,,,
202,21,,HLT3615,BEHEER,"Halte, NL:Q:32003615 Betje Wolffstraat",Erasmusweg 600,REI-0023,,,
203,,,,,,,,,,
204,PO: REI3N109,,Route: REI-N109,,,,,,,
205,Volgorde,Locatie,Activum,Activum status,Beschrijving activum/locatie,Beschrijving,Taakplan,Inspectieformulier,Naam,
206,1,,HLT3619,BEHEER,"Halte, NL:Q:32003619 Erasmusplein",Erasmusweg 230,REI-0023,,,
207,2,,HLT3618,BEHEER,"Halte, NL:Q:32003618 Erasmusplein",Erasmusweg/Middachtenweg,REI-0023,,,
208,3,,HLT3621,BEHEER,"Halte, NL:Q:32003621 Heeswijkplein",Erasmusweg 100,REI-0023,,,
209,4,,HLT3620,BEHEER,"Halte, NL:Q:32003620 Heeswijkplein",Erasmusweg 68,REI-0023,,,
210,5,,HLT3626,BEHEER,"Halte, NL:Q:32003626 Station Moerwijk",Erasmusweg 2,REI-0023,,,
211,6,,HLT3627,BEHEER,"Halte, NL:Q:32003627 Station Moerwijk",Erasmusweg 2,REI-0023,,,
212,7,,HLT3607,BEHEER,"Halte, NL:Q:32003607 Anna Bijnslaan",Melis Stokelaan 131,REI-0023,,,
213,8,,HLT3608,BEHEER,"Halte, NL:Q:32003608 Anna Bijnslaan",Anna Bijnslaan 162,REI-0023,,,
214,9,,HLT3702,BEHEER,"Halte, NL:Q:32003702 Dynamostraat",Fruitweg 23,REI-0023,,,
215,10,,HLT3701,BEHEER,"Halte, NL:Q:32003701 Dynamostraat",Fruitweg 20,REI-0023,,,
216,11,,HLT3803,BEHEER,"Halte, NL:Q:32003803 Calandplein",Calandstraat 1,REI-0023,,,
217,12,,HLT3804,BEHEER,"Halte, NL:Q:32003804 Calandplein",Calandstraat 12,REI-0023,,,
218,13,,HLT3603,BEHEER,"Halte, NL:Q:32003603 Zuiderpark",Melis Stokelaan 506,REI-0023,,,
219,14,,HLT3604,BEHEER,"Halte, NL:Q:32003604 Zuiderpark",Melis Stokelaan 506,REI-0023,,,
220,15,,HLT3424,BEHEER,"Halte, NL:Q:32003424 Loevesteinlaan",Melis Stokelaan 938,REI-0023,,,
221,16,,HLT3424,BEHEER,"Halte, NL:Q:32003424 Loevesteinlaan",Melis Stokelaan 938,REI-0023,,,
222,17,,HLT3425,BEHEER,"Halte, NL:Q:32003425 Loevesteinlaan",Melis Stokelaan 938,REI-0023,,,
223,18,,HLT3425,BEHEER,"Halte, NL:Q:32003425 Loevesteinlaan",Melis Stokelaan 938,REI-0023,,,
224,19,,HLT3419,BEHEER,"Halte, NL:Q:32003419 Melis Stokelaan",Leyweg 785,REI-0023,,,
225,20,,HLT3420,BEHEER,"Halte, NL:Q:32003420 Melis Stokelaan",Leyweg 785,REI-0023,,,
226,,,,,,,,,,
227,PO: REI3N110,,Route: REI-N110,,,,,,,
228,Volgorde,Locatie,Activum,Activum status,Beschrijving activum/locatie,Beschrijving,Taakplan,Inspectieformulier,Naam,
229,1,,HLT3426,BEHEER,"Halte, NL:Q:32003426 Paterswoldestraat",Leyweg 1410,REI-0023,,,Verplaatst van N109 naar N110
230,2,,HLT3427,BEHEER,"Halte, NL:Q:32003427 Paterswoldestraat",Leyweg 993,REI-0023,,,
231,3,,HLT3418,BEHEER,"Halte, NL:Q:32003418 Leggelostraat",Melis Stokelaan 1590,REI-0023,,,
232,4,,HLT3417,BEHEER,"Halte, NL:Q:32003417 Leggelostraat",Melis Stokelaan 1590,REI-0023,,,
233,5,,HLT3442,BEHEER,"Halte, NL:Q:32003442 Steenwijklaan",Dedemsvaartweg 1125,REI-0023,,,
234,6,,HLT3443,BEHEER,"Halte, NL:Q:32003443 Steenwijklaan",Dedemsvaartweg 1023,REI-0023,,,
235,7,,HLT3336,BEHEER,"Halte, NL:Q:32003336 Wolweversgaarde",Melis Stokelaan 1189,REI-0023,,,
236,8,,HLT3335,BEHEER,"Halte, NL:Q:32003335 Wolweversgaarde",Melis Stokelaan 1189,REI-0023,,,
237,9,,HLT3334,BEHEER,"Halte, NL:Q:32003334 Revalidatiecentrum",Melis Stokelaan 1936,REI-0023,,,
238,10,,HLT3333,BEHEER,"Halte, NL:Q:32003333 Revalidatiecentrum",Melis Stokelaan 2068A,REI-0023,,,
239,11,,HLT3331,BEHEER,"Halte, NL:Q:32003331 Beresteinlaan",Melis Stokelaan 2478,REI-0023,,,
240,12,,HLT3330,BEHEER,"Halte, NL:Q:32003330 Beresteinlaan",Melis Stokelaan/Beresteinlaan,REI-0023,,,
241,13,,HLT3329,BEHEER,"Halte, NL:Q:32003329 De Dreef",Melis Stokezijde/de Dreef,REI-0023,,,
242,14,,HLT3328,BEHEER,"Halte, NL:Q:32003328 De Dreef",Melis Stokezijde/de Dreef,REI-0023,,,
243,15,,HLT3327,BEHEER,"Halte, NL:Q:32003327 De Dreef",Melis Stokezijde/de Dreef,REI-0023,,,
244,16,,HLT3403,BEHEER,"Halte, NL:Q:32003403 Zuidwoldepad",Zuidwoldestraat 40,REI-0023,,,
245,17,,HLT3403,BEHEER,"Halte, NL:Q:32003403 Zuidwoldepad",Zuidwoldestraat 40,REI-0023,,,
246,18,,HLT3404,BEHEER,"Halte, NL:Q:32003404 Zuidwoldepad",Zuidwoldestraat 40,REI-0023,,,
247,19,,HLT3404,BEHEER,"Halte, NL:Q:32003404 Zuidwoldepad",Zuidwoldestraat 40,REI-0023,,,
248,20,,HLT3401,BEHEER,"Halte, NL:Q:32003401 Dedemsvaartweg",Meppelweg 901,REI-0023,,,
249,21,,HLT3401,BEHEER,"Halte, NL:Q:32003401 Dedemsvaartweg",Meppelweg 901,REI-0023,,,
250,22,,HLT3402,BEHEER,"Halte, NL:Q:32003402 Dedemsvaartweg",Meppelweg 901,REI-0023,,,
251,23,,HLT3402,BEHEER,"Halte, NL:Q:32003402 Dedemsvaartweg",Meppelweg 901,REI-0023,,,
252,,,,,,,,,,
253,PO: REI3N111,,Route: REI-N111,,,,,,,
254,Volgorde,Locatie,Activum,Activum status,Beschrijving activum/locatie,Beschrijving,Taakplan,Inspectieformulier,Naam,
255,1,,HLT3311,BEHEER,"Halte, NL:Q:32003311 De Rade",Meppelweg/Meppelrade,REI-0023,,,
256,2,,HLT3311,BEHEER,"Halte, NL:Q:32003311 De Rade",Meppelweg/Meppelrade,REI-0023,,,
257,3,,HLT3312,BEHEER,"Halte, NL:Q:32003312 De Rade",Meppelweg/Meppelrade,REI-0023,,,
258,4,,HLT3312,BEHEER,"Halte, NL:Q:32003312 De Rade",Meppelweg/Meppelrade,REI-0023,,,
259,5,,HLT3310,BEHEER,"Halte, NL:Q:32003310 Bouwlustlaan",Meppelweg 1381,REI-0023,,,
260,6,,HLT3310,BEHEER,"Halte, NL:Q:32003310 Bouwlustlaan",Meppelweg 1381,REI-0023,,,
261,7,,HLT3309,BEHEER,"Halte, NL:Q:32003309 Bouwlustlaan",Meppelweg 1381,REI-0023,,,
262,8,,HLT3306,BEHEER,"Halte, NL:Q:32003306 Beresteinlaan",Meppelweg 1391,REI-0023,,,
263,9,,HLT3305,BEHEER,"Halte, NL:Q:32003305 Beresteinlaan",Meppelweg 1391,REI-0023,,,
264,10,,HLT3305,BEHEER,"Halte, NL:Q:32003305 Beresteinlaan",Meppelweg 1391,REI-0023,,,
265,11,,HLT3350,BEHEER,"Halte, NL:Q:32003350 De Uithof (ontwerp zie bijlage)",Jaap Edenweg/Lozerlaan,REI-0023,,,
266,12,,HLT3350,BEHEER,"Halte, NL:Q:32003350 De Uithof (ontwerp zie bijlage)",Jaap Edenweg/Lozerlaan,REI-0023,,,
267,13,,HLT1601,BEHEER,"Halte, NL:Q:32001601 Kraayensteinlaan",Kraayensteinlaan/Margharetha van Hennebergweg,REI-0023,,,
268,14,,HLT1602,BEHEER,"Halte, NL:Q:32001602 Kraayensteinlaan",Kraayensteinlaan/Margharetha van Hennebergweg,REI-0023,,,
269,15,,HLT1607,BEHEER,"Halte, NL:Q:32001607 Kraayensteinlaan",Kraayensteinlaan/Margharetha van Hennebergweg,REI-0023,,,
270,16,,HLT1606,BEHEER,"Halte, NL:Q:32001606 Kraayensteinlaan",Kraayensteinlaan/Margharetha van Hennebergweg,REI-0023,,,
271,17,,HLT1712,BEHEER,"Halte, NL:Q:32001712 Kapelaan Meereboerweg",A. Petersweg 53,REI-0023,,,
272,18,,HLT1712,BEHEER,"Halte, NL:Q:32001712 Kapelaan Meereboerweg",A. Petersweg 53,REI-0023,,,
273,19,,HLT1708,BEHEER,"Halte, NL:Q:32001708 Loosduinse Hoofdstraat",Lippe-Biesterfeldweg 81,REI-0023,,,
274,20,,HLT1708,BEHEER,"Halte, NL:Q:32001708 Loosduinse Hoofdstraat",Lippe-Biesterfeldweg 81,REI-0023,,,
275,21,,HLT1818,BEHEER,"Halte, NL:Q:32001818 Arnold Spoelplein",Pisuissestraat 7,REI-0023,,,
276,22,,HLT1805,BEHEER,"Halte, NL:Q:32001805 Pisuissestraat",Pisuissestraat 5,REI-0023,,,Verplaatst van N112 naar N111
277,23,,HLT1806,BEHEER,"Halte, NL:Q:32001806 Pisuissestraat",Pisuissestraat/Beethovenlaan,REI-0023,,,
278,,,,,,,,,,
279,PO:REI3N112,,Route: REI-N112,,,,,,,
280,Volgorde,Locatie,Activum,Activum status,Beschrijving activum/locatie,Beschrijving,Taakplan,Inspectieformulier,Naam,
281,1,,HLT1710,BEHEER,"Halte, NL:Q:32001710 Burgemeester Hovylaan",Burgemeester Hovylaan 43,REI-0023,,,
282,2,,HLT1709,BEHEER,"Halte, NL:Q:32001709 Burgemeester Hovylaan",Burgemeester Hovylaan 43,REI-0023,,,
283,3,,HLT1810,BEHEER,"Halte, NL:Q:32001810 Buitentuinen",Oude haagweg 42,REI-0023,,,
284,4,,HLT1811,BEHEER,"Halte, NL:Q:32001811 Buitentuinen",Oude haagweg 42,REI-0023,,,
285,5,,HLT1824,BEHEER,"Halte, NL:Q:32001824 Buitentuinen",REI-POH Reinigen Abri (unit-230) en Hekwerk (unit-231),REI-0023,,,Verplaatst van D113 naar N112
286,6,,HLT1218,BEHEER,"Halte, NL:Q:32001218 Azaleaplein",Laan van Meerdervoort 616,REI-0023,,,
287,7,,HLT1218,BEHEER,"Halte, NL:Q:32001218 Azaleaplein",Laan van Meerdervoort 616,REI-0023,,,
288,8,,HLT1217,BEHEER,"Halte, NL:Q:32001217 Azaleaplein",Laan van Meerdervoort 616,REI-0023,,,
289,9,,HLT1217,BEHEER,"Halte, NL:Q:32001217 Azaleaplein",Laan van Meerdervoort 616,REI-0023,,,
290,10,,HLT1213,BEHEER,"Halte, NL:Q:32001213 Zonnebloemstraat",Laan van Meerdervoort 750,REI-0023,,,
291,11,,HLT1213,BEHEER,"Halte, NL:Q:32001213 Zonnebloemstraat",Laan van Meerdervoort 750,REI-0023,,,
292,12,,HLT1214,BEHEER,"Halte, NL:Q:32001214 Zonnebloemstraat",Laan van Meerdervoort 750,REI-0023,,,
293,13,,HLT1214,BEHEER,"Halte, NL:Q:32001214 Zonnebloemstraat",Laan van Meerdervoort 750,REI-0023,,,
294,14,,HLT1903,BEHEER,"Halte, NL:Q:32001903 Appelstraat",Laan van Meerdervoort 810,REI-0023,,,
295,15,,HLT1903,BEHEER,"Halte, NL:Q:32001903 Appelstraat",Laan van Meerdervoort 810,REI-0023,,,
296,16,,HLT1904,BEHEER,"Halte, NL:Q:32001904 Appelstraat",Laan van Meerdervoort 857,REI-0023,,,
297,17,,HLT1904,BEHEER,"Halte, NL:Q:32001904 Appelstraat",Laan van Meerdervoort 857,REI-0023,,,
298,18,,HLT1428,BEHEER,"Halte, NL:Q:32001428 De Savornin Lohmanplein (ontwerp bijlage)",Savornin Lohmanplein 5,REI-0023,,,
299,19,,HLT1420,BEHEER,"Halte, NL:Q:32001420 De Savornin Lohmanplein",Savornin Lohmanplein 1,REI-0023,,,
300,20,,HLT1420,BEHEER,"Halte, NL:Q:32001420 De Savornin Lohmanplein",Savornin Lohmanplein 1,REI-0023,,,
301,21,,HLT1419,BEHEER,"Halte, NL:Q:32001419 De Savornin Lohmanplein",Savornin Lohmanplein 1,REI-0023,,,
302,22,,HLT1419,BEHEER,"Halte, NL:Q:32001419 De Savornin Lohmanplein",Laan van Meerdervoort 1261,REI-0023,,,
303,,,,,,,,,,
304,PO:REI3N113,,Route: REI-N113,,,,,,,
305,Volgorde,Locatie,Activum,Activum status,Beschrijving activum/locatie,Beschrijving,Taakplan,Inspectieformulier,Naam,
306,1,,HLT1424,BEHEER,"Halte, NL:Q:32001424 Hoefbladlaan",Laan van Meerdervoort 1261,REI-0023,,,
307,2,,HLT1424,BEHEER,"Halte, NL:Q:32001424 Hoefbladlaan",Laan van Meerdervoort 1261,REI-0023,,,
308,3,,HLT1423,BEHEER,"Halte, NL:Q:32001423 Hoefbladlaan",Laan van Meerdervoort 1261,REI-0023,,,
309,4,,HLT1415,BEHEER,"Halte, NL:Q:32001415 Muurbloemweg",Laan van Meerdervoort 1631,REI-0023,,,
310,5,,HLT1416,BEHEER,"Halte, NL:Q:32001416 Muurbloemweg",Laan van Meerdervoort 1631,REI-0023,,,
311,6,,HLT1416,BEHEER,"Halte, NL:Q:32001416 Muurbloemweg",Laan van Meerdervoort 1631,REI-0023,,,
312,7,,HLT1802,BEHEER,"Halte, NL:Q:32001802 Heliotrooplaan",Laan van Meerdervoort/Heliotrooplaan,REI-0023,,,
313,8,,HLT1801,BEHEER,"Halte, NL:Q:32001801 Heliotrooplaan",Laan van Meerdervoort/Heliotrooplaan,REI-0023,,,
314,9,,HLT1801,BEHEER,"Halte, NL:Q:32001801 Heliotrooplaan",Laan van Meerdervoort/Heliotrooplaan,REI-0023,,,
315,10,,HLT1802,BEHEER,"Halte, NL:Q:32001802 Heliotrooplaan",Laan van Meerdervoort/Heliotrooplaan,REI-0023,,,
316,11,,HLT1813,BEHEER,"Halte, NL:Q:32001813 Mozartlaan",Aaltje noorderwierstraat/Mozartlaan,REI-0023,,,
317,12,,HLT1813,BEHEER,"Halte, NL:Q:32001813 Mozartlaan",Aaltje noorderwierstraat/Mozartlaan,REI-0023,,,
318,13,,HLT1812,BEHEER,"Halte, NL:Q:32001812 Mozartlaan",Aaltje noorderwierstraat/Mozartlaan,REI-0023,,,
319,14,,HLT1919,BEHEER,"Halte, NL:Q:32001919 Walnootstraat",Oude Haagweg/Walnootstraat,REI-0023,,,
320,15,,HLT1920,BEHEER,"Halte, NL:Q:32001920 Walnootstraat",Oude Haagweg/Walnootstraat,REI-0023,,,
321,16,,HLT1922,BEHEER,"Halte, NL:Q:32001922 Thorbeckelaan",Loosduinsekade 725,REI-0023,,,
322,17,,HLT1921,BEHEER,"Halte, NL:Q:32001921 Thorbeckelaan",Loosduinsekade 725,REI-0023,,,
323,18,,HLT3204,BEHEER,"Halte, NL:Q:32003204 Nieuwendamlaan",Loosduinsekade/Nieuwendamlaan,REI-0023,,,
324,19,,HLT3203,BEHEER,"Halte, NL:Q:32003203 Nieuwendamlaan",Loosduinsekade/Nieuwendamlaan,REI-0023,,,
325,20,,HLT3205,BEHEER,"Halte, NL:Q:32003205 Laan van Eik en Duinen",Loosduinsekade 609,REI-0023,,,
326,21,,HLT3206,BEHEER,"Halte, NL:Q:32003206 Laan van Eik en Duinen",Loosduinsekade 609,REI-0023,,,
327,22,,HLT1915,BEHEER,"Halte, NL:Q:32001915 Perenstraat",Mient 433,REI-0023,,,Verplaatst van D111 naar N113
328,23,,HLT3101,BEHEER,"Halte, NL:Q:32003101 Kamperfoeliestraat",Loosduinseweg 486,REI-0023,,,
329,,,,,,,,,,
330,PO:REI3N114,,Route: REI-N114,,,,,,,
331,Volgorde,Locatie,Activum,Activum status,Beschrijving activum/locatie,Beschrijving,Taakplan,Inspectieformulier,Naam,
332,1,,HLT3102,BEHEER,"Halte, NL:Q:32003102 Kamperfoeliestraat",Loosduinseweg 486,REI-0023,,,
333,2,,HLT3103,BEHEER,"Halte, NL:Q:32003103 Valkenboslaan",Loosduinseweg 368,REI-0023,,,
334,3,,HLT3104,BEHEER,"Halte, NL:Q:32003104 Valkenboslaan (ontwerp zie bijlage)",Loosduinseweg 359,REI-0023,,,
335,4,,HLT3107,BEHEER,"Halte, NL:Q:32003107 Fahrenheitstraat (ontwerp zie bijlage)",Loosduinsekade 307,REI-0023,,,
336,5,,HLT3108,BEHEER,"Halte, NL:Q:32003108 Fahrenheitstraat (ontwerp zie bijlage)",Loosduinsekade 284,REI-0023,,,
337,6,,HLT3130,BEHEER,"Halte, NL:Q:32003130 Dierenselaan",Apeldoornselaan 159,REI-0023,,,
338,7,,HLT3130,BEHEER,"Halte, NL:Q:32003130 Dierenselaan",Apeldoornselaan 159,REI-0023,,,
339,8,,HLT3129,BEHEER,"Halte, NL:Q:32003129 Dierenselaan",Apeldoornselaan 159,REI-0023,,,
340,9,,HLT3129,BEHEER,"Halte, NL:Q:32003129 Dierenselaan",Apeldoornselaan 159,REI-0023,,,
341,10,,HLT3115,BEHEER,"Halte, NL:Q:32003115 Nunspeetlaan",Dierenselaan 110,REI-0023,,,
342,11,,HLT3116,BEHEER,"Halte, NL:Q:32003116 Nunspeetlaan",Dierenselaan 62,REI-0023,,,
343,12,,HLT3008,BEHEER,"Halte, NL:Q:32003008 Paul Krugerplein",Paul Krugerplein 26,REI-0023,,,
344,13,,HLT3005,BEHEER,"Halte, NL:Q:32003005 Paul Krugerplein",Paul Krugerplein 26,REI-0023,,,
345,14,,HLT3006,BEHEER,"Halte, NL:Q:32003006 Paul Krugerplein",Paul Krugerlaan 172,REI-0023,,,
346,15,,HLT3007,BEHEER,"Halte, NL:Q:32003007 Paul Krugerplein",Paul Krugerlaan 172,REI-0023,,,
347,16,,HLT3002,BEHEER,"Halte, NL:Q:32003002 Loosduinseweg",Paul Krugerlaan 8,REI-0023,,,
348,17,,HLT3001,BEHEER,"Halte, NL:Q:32003001 Loosduinseweg",Regentesselaan 388,REI-0023,,,
349,,,,,,,,,,
350,PO: REI3N115,,Route: REI-N115,,,,,,,
351,Volgorde,Locatie,Activum,Activum status,Beschrijving activum/locatie,Beschrijving,Taakplan,Inspectieformulier,Naam,
352,1,,HLT2003,BEHEER,"Halte, NL:Q:32002003 Goudenregenstraat",Laan van Meerdervoort 528,REI-0023,,,
353,2,,HLT2004,BEHEER,"Halte, NL:Q:32002004 Goudenregenstraat",Laan van Meerdervoort 528,REI-0023,,,
354,3,,HLT2004,BEHEER,"Halte, NL:Q:32002004 Goudenregenstraat",Laan van Meerdervoort 528,REI-0023,,,
355,4,,HLT2006,BEHEER,"Halte, NL:Q:32002006 Fahrenheitstraat",Laan van Meerdervoort 450,REI-0023,,,
356,5,,HLT2005,BEHEER,"Halte, NL:Q:32002005 Fahrenheitstraat",Laan van Meerdervoort 450,REI-0023,,,
357,6,,HLT2010,BEHEER,"Halte, NL:Q:32002010 Valkenbosplein",Laan van Meerdervoort 334D,REI-0023,,,
358,7,,HLT2010,BEHEER,"Halte, NL:Q:32002010 Valkenbosplein",Laan van Meerdervoort 334D,REI-0023,,,
359,8,,HLT2011,BEHEER,"Halte, NL:Q:32002011 Valkenbosplein",Laan van Meerdervoort 334D,REI-0023,,,
360,9,,HLT2011,BEHEER,"Halte, NL:Q:32002011 Valkenbosplein",Laan van Meerdervoort 334D,REI-0023,,,
361,10,,HLT1120,BEHEER,"Halte, NL:Q:32001120 Conradkade",Laan van Meerdervoort 224,REI-0023,,,
362,11,,HLT1119,BEHEER,"Halte, NL:Q:32001119 Conradkade",Laan van Meerdervoort 224,REI-0023,,,
363,12,,HLT2202,BEHEER,"Halte, NL:Q:32002202 Obrechtstraat",Laan van Meerdervoort 168,REI-0023,,,
364,13,,HLT2201,BEHEER,"Halte, NL:Q:32002201 Obrechtstraat",Laan van Meerdervoort 168,REI-0023,,,
365,14,,HLT1116,BEHEER,"Halte, NL:Q:32001116 Groot Hertoginnelaan",Waldeck Pyrmondkade 959,REI-0023,,,
366,15,,HLT1114,BEHEER,"Halte, NL:Q:32001114 Groot Hertoginnelaan",Groot Hertoginnelaan/Danckersstraat,REI-0023,,,
367,16,,HLT1115,BEHEER,"Halte, NL:Q:32001115 Groot Hertoginnelaan",Stadhouderslaan 2,REI-0023,,,
368,17,,HLT1109,BEHEER,"Halte, NL:Q:32001109 Groot Hertoginnelaan (ontwerp bijlage)",Groothertoginnelaan,REI-0023,,,Toegevoegd 
369,18,,HLT1108,BEHEER,"Halte, NL:Q:32001108 Groot Hertoginnelaan",Groothertoginnelaan,REI-0023,,,Toegevoegd 
370,19,,HLT2101,BEHEER,"Halte, NL:Q:32002101 Laan van Meerdervoort",Conradkade 204,REI-0023,,,Toegevoegd 
371,20,,HLT2102,BEHEER,"Halte, NL:Q:32002102 Laan van Meerdervoort",Conradkade 169,REI-0023,,,Toegevoegd 
372,21,,HLT1121,BEHEER,"Halte, NL:Q:32001121 Van Speijkstraat",Kon. Emmakade 152B,REI-0023,,,
373,22,,HLT1122,BEHEER,"Halte, NL:Q:32001122 Van Speijkstraat",Kon. Emmakade 152B,REI-0023,,,Volgorde veranderd
374,,,,,,,,,,
375,PO: REI3N116,,Route: REI-N116,,,,,,,
376,Volgorde,Locatie,Activum,Activum status,Beschrijving activum/locatie,Beschrijving,Taakplan,Inspectieformulier,Naam,
377,1,,HLT2106,BEHEER,"Halte, NL:Q:32002106 Weimarstraat",Conradkade 36B,REI-0023,,,
378,2,,HLT2105,BEHEER,"Halte, NL:Q:32002105 Weimarstraat",Conradkade 36B,REI-0023,,,
379,3,,HLT2212,BEHEER,"Halte, NL:Q:32002212 Elandstraat",Waldeck Pyrmondkade 116,REI-0023,,,
380,4,,HLT2212,BEHEER,"Halte, NL:Q:32002212 Elandstraat",Waldeck Pyrmondkade 116,REI-0023,,,
381,5,,HLT2213,BEHEER,"Halte, NL:Q:32002213 Elandstraat",Waldeck Pyrmondkade 116,REI-0023,,,
382,6,,HLT2213,BEHEER,"Halte, NL:Q:32002213 Elandstraat",Waldeck Pyrmondkade 116,REI-0023,,,
383,7,,HLT2211,BEHEER,"Halte, NL:Q:32002211 Zoutmanstraat",Zoutmanstraat 63B,REI-0023,,,
384,8,,HLT2210,BEHEER,"Halte, NL:Q:32002210 Zoutmanstraat",Zoutmanstraat 50,REI-0023,,,
385,9,,HLT2216,BEHEER,"Halte, NL:Q:32002216 Elandstraat",Vondelstraat 248,REI-0023,,,
386,10,,HLT2217,BEHEER,"Halte, NL:Q:32002217 Elandstraat",Vondelstraat 248,REI-0023,,,
387,11,,HLT2801,BEHEER,"Halte, NL:Q:32002801 Torenstraat",Bilderdijkstraat 4,REI-0023,,,
388,12,,HLT2802,BEHEER,"Halte, NL:Q:32002802 Torenstraat",Torenstraat 446,REI-0023,,,
389,13,,HLT2806,BEHEER,"Halte, NL:Q:32002806 Buitenhof",Kneuterdijk 1,REI-0023,,,
390,14,,HLT2805,BEHEER,"Halte, NL:Q:32002805 Buitenhof",Kneuterdijk 1,REI-0023,,,
391,15,,HLT2804,BEHEER,"Halte, NL:Q:32002804 Kneuterdijk",Kneuterdijk 3,REI-0023,,,
392,16,,HLT2803,BEHEER,"Halte, NL:Q:32002803 Kneuterdijk",Kneuterdijk 3,REI-0023,,,
393,17,,HLT2306,BEHEER,"Halte, NL:Q:32002306 Mauritskade",Alexanderstraat 5,REI-0023,,,Verplaatst van D110 naar N116
394,18,,HLT2305,BEHEER,"Halte, NL:Q:32002305 Mauritskade",Alexanderstraat 5,REI-0023,,,Verplaatst van D110 naar N116
395,19,,HLT2308,BEHEER,"Halte, NL:Q:32002308 Mauritskade",Alexanderstraat 5,REI-0023,,,
396,20,,HLT2307,UITBEHEER,"Halte, NL:Q:32002307 Mauritskade",Alexanderstraat 5,REI-0023,,,Verwijderen
397,20,,HLT2301,BEHEER,"Halte, NL:Q:32002301 Javastraat",Alexanderstraat 25,REI-0023,,,
398,21,,HLT2301,BEHEER,"Halte, NL:Q:32002301 Javastraat",Alexanderstraat 25,REI-0023,,,
399,22,,HLT2302,BEHEER,"Halte, NL:Q:32002302 Javastraat",Alexanderstraat 25,REI-0023,,,
400,,,,,,,,,,
401,PO: REI3N117,,Route: REI-N117,,,,,,,
402,Volgorde,Locatie,Activum,Activum status,Beschrijving activum/locatie,Beschrijving,Taakplan,Inspectieformulier,Naam,
403,1,,HLT0921,BEHEER,"Halte, NL:Q:32000921 World Forum",Scheveningseweg 44,REI-0023,,,
404,2,,HLT0922,BEHEER,"Halte, NL:Q:32000922 World Forum",Scheveningseweg 44,REI-0023,,,
405,3,,HLT1001,BEHEER,"Halte, NL:Q:32001001 Adriaan Goekooplaan",Scheveningseweg/Adriaan Goekooplaan,REI-0023,,,
406,4,,HLT1002,BEHEER,"Halte, NL:Q:32001002 Adriaan Goekooplaan",Scheveningseweg/Adriaan Goekooplaan,REI-0023,,,
407,5,,HLT0508,BEHEER,"Halte, NL:Q:32000508 Vredespaleis",Scheveningseweg/Carnegieplein,REI-0023,,,
408,6,,HLT0509,BEHEER,"Halte, NL:Q:32000509 Vredespaleis",Scheveningseweg/Carnegieplein,REI-0023,,,
409,7,,HLT0507,BEHEER,"Halte, NL:Q:32000507 Vredespaleis",Scheveningseweg/Carnegieplein,REI-0023,,,
410,8,,HLT2832,BEHEER,"Halte, NL:Q:32002832 Centrum",Spui 29,REI-0023,,,
411,9,,HLT2832,BEHEER,"Halte, NL:Q:32002832 Centrum",Spui 29,REI-0023,,,
412,10,,HLT2833,BEHEER,"Halte, NL:Q:32002833 Centrum",Spui 29,REI-0023,,,
413,11,,HLT2833,BEHEER,"Halte, NL:Q:32002833 Centrum",Spui 29,REI-0023,,,
414,12,,HLT2851,BEHEER,"Halte, NL:Q:32002851 Bierkade",Spui 279,REI-0023,,,
415,13,,HLT2851,BEHEER,"Halte, NL:Q:32002851 Bierkade",Spui 279,REI-0023,,,
416,14,,HLT2919,BEHEER,"Halte, NL:Q:32002919 Hoefkade",De heemstraat 432,REI-0023,,,
417,15,,HLT2919,BEHEER,"Halte, NL:Q:32002919 Hoefkade",De heemstraat 432,REI-0023,,,
418,16,,HLT2932,BEHEER,"Halte, NL:Q:32002932 Haagse Markt (ontwerp zie bijlage)",De heemstraat 168,REI-0023,,,
419,17,,HLT2932,BEHEER,"Halte, NL:Q:32002932 Haagse Markt (ontwerp zie bijlage)",De heemstraat 168,REI-0023,,,
420,18,,HLT2931,BEHEER,"Halte, NL:Q:32002931 Haagse Markt (ontwerp zie bijlage)",De heemstraat 168,REI-0023,,,
421,19,,HLT2931,BEHEER,"Halte, NL:Q:32002931 Haagse Markt (ontwerp zie bijlage)",De heemstraat 168,REI-0023,,,
422,20,,HLT2932,BEHEER,"Halte, NL:Q:32002932 Haagse Markt (ontwerp zie bijlage)",De heemstraat 168,REI-0023,,,
423,21,,HLT2911,BEHEER,"Halte, NL:Q:32002911 Haagse Markt",Hobbemaplein 8,REI-0023,,,
424,22,,HLT2912,BEHEER,"Halte, NL:Q:32002912 Haagse Markt",Hobbemaplein 8,REI-0023,,,
425,23,,HLT2908,BEHEER,"Halte, NL:Q:32002908 Delftselaan",De heemstraat 14,REI-0023,,,
426,24,,HLT2908,BEHEER,"Halte, NL:Q:32002908 Delftselaan",De heemstraat 14,REI-0023,,,
427,,,,,,,,,,
428,PO:REI3N118,,Route: REI-N118,,,,,,,
429,Volgorde,Locatie,Activum,Activum status,Beschrijving activum/locatie,Beschrijving,Taakplan,Inspectieformulier,Naam,
430,1,,HLT2935,BEHEER,"Halte, NL:Q:32002935 Delftselaan",Delftselaan/Herman Costerstraat,REI-0023,,,
431,2,,HLT2934,BEHEER,"Halte, NL:Q:32002934 Delftselaan",De heemstraat 198,REI-0023,,,
432,3,,HLT2822,BEHEER,"Halte, NL:Q:32002822 HMC Westeinde",Lijnbaan 96,REI-0023,,,
433,4,,HLT2822,BEHEER,"Halte, NL:Q:32002822 HMC Westeinde",Lijnbaan 96,REI-0023,,,
434,5,,HLT2820,BEHEER,"Halte, NL:Q:32002820 HMC Westeinde",Lijnbaan 96,REI-0023,,,
435,6,,HLT2820,BEHEER,"Halte, NL:Q:32002820 HMC Westeinde",Lijnbaan 96,REI-0023,,,
436,7,,HLT2821,BEHEER,"Halte, NL:Q:32002821 Brouwersgracht",Prinsengracht 64,REI-0023,,,
437,8,,HLT2875,BEHEER,"Halte, NL:Q:32002875 Brouwersgracht",Prinsengracht 64,REI-0023,,,
438,9,,HLT2824,BEHEER,"Halte, NL:Q:32002824 Brouwersgracht",Prinsengracht 64,REI-0023,,,
439,10,,HLT2824,BEHEER,"Halte, NL:Q:32002824 Brouwersgracht",Prinsengracht 64,REI-0023,,,
440,11,,HLT2823,BEHEER,"Halte, NL:Q:32002823 Brouwersgracht",Prinsengracht 64,REI-0023,,,
441,12,,HLT2823,BEHEER,"Halte, NL:Q:32002823 Brouwersgracht",Prinsengracht 64,REI-0023,,,
442,13,,HLT2818,BEHEER,"Halte, NL:Q:32002818 Gravenstraat",Gravenstraat/Achterom,REI-0023,,,
443,14,,HLT2819,BEHEER,"Halte, NL:Q:32002819 Gravenstraat",Gravenstraat/Achterom,REI-0023,,,
444,15,,HLT2828,BEHEER,"Halte, NL:Q:32002828 Grote Markt",Prinsengracht 19,REI-0023,,,
445,16,,HLT2828,BEHEER,"Halte, NL:Q:32002828 Grote Markt",Prinsengracht 19,REI-0023,,,Staat er dubbel in i.v.m. grote halte (meerdere ABRI's)
446,17,,HLT2826,BEHEER,"Halte, NL:Q:32002826 Brouwersgracht",Brouwersgracht 11,REI-0023,,,
447,18,,HLT2825,BEHEER,"Halte, NL:Q:32002825 Brouwersgracht",Brouwersgracht 11,REI-0023,,,
448,19,,HLT2917,BEHEER,"Halte, NL:Q:32002917 Om en Bij",Hobbemastraat 42D,REI-0023,,,
449,20,,HLT2918,BEHEER,"Halte, NL:Q:32002918 Om en Bij",Hobbemastraat 42D,REI-0023,,,
450,21,,HLT2916,BEHEER,"Halte, NL:Q:32002916 Vaillantlaan",Paletplein 84,REI-0023,,,
451,22,,HLT2915,BEHEER,"Halte, NL:Q:32002915 Vaillantlaan",Paletplein 84,REI-0023,,,
452,,,,,,,,,,
453,PO:REI3N119,,Route: REI-N119,,,,,,,
454,Volgorde,Locatie,Activum,Activum status,Beschrijving activum/locatie,Beschrijving,Taakplan,Inspectieformulier,Naam,
455,1,,HLT3213,BEHEER,"Halte, NL:Q:32003213 Monnickendamplein",Escamplaan 106,REI-0023,,,
456,2,,HLT3213,BEHEER,"Halte, NL:Q:32003213 Monnickendamplein",Escamplaan 106,REI-0023,,,
457,3,,HLT3214,BEHEER,"Halte, NL:Q:32003214 Monnickendamplein",Escamplaan 106,REI-0023,,,
458,4,,HLT3214,BEHEER,"Halte, NL:Q:32003214 Monnickendamplein",Escamplaan 106,REI-0023,,,
459,5,,HLT3109,BEHEER,"Halte, NL:Q:32003109 Tienhovenselaan",Escamplaan 100,REI-0023,,,
460,6,,HLT3109,BEHEER,"Halte, NL:Q:32003109 Tienhovenselaan",Escamplaan 100,REI-0023,,,
461,7,,HLT3110,BEHEER,"Halte, NL:Q:32003110 Tienhovenselaan",Escamplaan 100,REI-0023,,,
462,8,,HLT3110,BEHEER,"Halte, NL:Q:32003110 Tienhovenselaan",Escamplaan 100,REI-0023,,,
463,9,,HLT3003,BEHEER,"Halte, NL:Q:32003003 De la Reyweg (ontwerp zie bijlage)",Loosduinsekade 187,REI-0023,,,
464,10,,HLT3003,BEHEER,"Halte, NL:Q:32003003 De la Reyweg (ontwerp zie bijlage)",Loosduinsekade 187,REI-0023,,,
465,11,,HLT3004,BEHEER,"Halte, NL:Q:32003004 De la Reyweg (ontwerp zie bijlage)",Loosduinsekade 187,REI-0023,,,
466,12,,HLT3004,BEHEER,"Halte, NL:Q:32003004 De la Reyweg (ontwerp zie bijlage)",Loosduinsekade 187,REI-0023,,,
467,13,,HLT2902,BEHEER,"Halte, NL:Q:32002902 Loosduinseweg",Tripstraat 101,REI-0023,,,
468,14,,HLT2901,BEHEER,"Halte, NL:Q:32002901 Loosduinseweg",Tripstraat 101,REI-0023,,,
469,15,,HLT2904,BEHEER,"Halte, NL:Q:32002904 Monstersestraat (ontwerp zie bijlage)",Loosduinsekade 79,REI-0023,,,
470,16,,HLT2904,BEHEER,"Halte, NL:Q:32002904 Monstersestraat (ontwerp zie bijlage)",Loosduinsekade 79,REI-0023,,,
471,17,,HLT2903,BEHEER,"Halte, NL:Q:32002903 Monstersestraat (ontwerp zie bijlage)",Loosduinsekade 79,REI-0023,,,
472,18,,HLT2903,BEHEER,"Halte, NL:Q:32002903 Monstersestraat (ontwerp zie bijlage)",Loosduinsekade 79,REI-0023,,,
473,,,,,,,,,,
474,PO: REI3N120,,Route: REI-N120,,,,,,,
475,Volgorde,Locatie,Activum,Activum status,Beschrijving activum/locatie,Beschrijving,Taakplan,Inspectieformulier,Naam,
476,1,,HLT2712,BEHEER,"Halte, NL:Q:32002712 Weteringplein",Weteringplein 17,REI-0023,,,
477,2,,HLT2711,BEHEER,"Halte, NL:Q:32002711 Weteringplein",Weteringplein 17,REI-0023,,,
478,3,,HLS0201,BEHEER,"Halte, NL:Q:42018102 Prins Clauslaan",Bezuidenhoutseweg 67,REI-0023,,,
479,4,,HLS0200,BEHEER,"Halte, NL:Q:42018101 Prins Clauslaan",Prins Clauslaan 8,REI-0023,,,
480,5,,HLT2872,BEHEER,"Halte, NL:Q:32002872 CS/Schedeldoekshaven (ontwerp zie bijlage)",Schedeldoekshaven 592,REI-0023,,,
481,6,,HLT2872,BEHEER,"Halte, NL:Q:32002872 CS/Schedeldoekshaven (ontwerp zie bijlage)",Schedeldoekshaven 592,REI-0023,,,
482,7,,HLT2872,BEHEER,"Halte, NL:Q:32002872 CS/Schedeldoekshaven (ontwerp zie bijlage)",Schedeldoekshaven 592,REI-0023,,,
483,8,,HLT2872,BEHEER,"Halte, NL:Q:32002872 CS/Schedeldoekshaven (ontwerp zie bijlage)",Schedeldoekshaven 592,REI-0023,,,
484,9,,HLT2871,BEHEER,"Halte, NL:Q:32002871 CS/Schedeldoekshaven",Schedeldoekshaven 592,REI-0023,,,
485,10,,HLT2871,BEHEER,"Halte, NL:Q:32002871 CS/Schedeldoekshaven",Schedeldoekshaven 592,REI-0023,,,
486,11,,HLT2928,BEHEER,"Halte, NL:Q:32002928 Jacob Catsstraat",Parallelweg 111,REI-0023,,,
487,12,,HLT2928,BEHEER,"Halte, NL:Q:32002928 Jacob Catsstraat",Parallelweg 111,REI-0023,,,
488,13,,HLT2927,BEHEER,"Halte, NL:Q:32002927 Jacob Catsstraat",Parallelweg 111,REI-0023,,,
489,14,,HLT2927,BEHEER,"Halte, NL:Q:32002927 Jacob Catsstraat",Parallelweg 111,REI-0023,,,
490,15,,HLT2924,BEHEER,"Halte, NL:Q:32002924 Wouwermanstraat",Fruitweg 2,REI-0023,,,
491,16,,HLT2921,BEHEER,"Halte, NL:Q:32002921 Wouwermanstraat",Fruitweg 2,REI-0023,,,
492,17,,HLT2921,BEHEER,"Halte, NL:Q:32002921 Wouwermanstraat",Fruitweg 2,REI-0023,,,
493,18,,HLT2922,BEHEER,"Halte, NL:Q:32002922 Wouwermanstraat",Fruitweg 2,REI-0023,,,
494,19,,HLT2922,BEHEER,"Halte, NL:Q:32002922 Wouwermanstraat",Fruitweg 2,REI-0023,,,
495,20,,HLT2922,BEHEER,"Halte, NL:Q:32002922 Wouwermanstraat",Fruitweg 2,REI-0023,,,
496,21,,HLT2706,BEHEER,"Halte, NL:Q:32002706 Rijswijkseplein/Station HS",Rijswijkseweg 19,REI-0023,,,
497,22,,HLT2706,BEHEER,"Halte, NL:Q:32002706 Rijswijkseplein/Station HS",Rijswijkseweg 19,REI-0023,,,
498,,,,,,,,,,
499,PO: REI3N121,,Route: REI-N121,,,,,,,
500,Volgorde,Locatie,Activum,Activum status,Beschrijving activum/locatie,Beschrijving,Taakplan,Inspectieformulier,Naam,
501,1,,HLT2710,BEHEER,"Halte, NL:Q:32012706 Waldorpstraat/Station HS",Rijswijkseweg 84,REI-0023,,,
502,2,,HLT2709,BEHEER,"Halte, NL:Q:32012706 Waldorpstraat/Station HS",Rijswijkseweg 155,REI-0023,,,
503,3,,HLT3847,BEHEER,"Halte, NL:Q:32003847 Station Hollands Spoor",Waldorpstraat 80,REI-0023,,,
504,4,,HLT3846,BEHEER,"Halte, NL:Q:32003846 Station Hollands Spoor",Waldorpstraat 80,REI-0023,,,
505,5,,HLT2708,BEHEER,"Halte, NL:Q:32002708 Rijswijkseplein",Weteringkade 15,REI-0023,,,
506,6,,HLT2707,BEHEER,"Halte, NL:Q:32002707 Rijswijkseplein",Weteringkade 15,REI-0023,,,
507,7,,HLT2715,BEHEER,"Halte, NL:Q:32002715 Rijswijkseplein",Weteringkade 15,REI-0023,,,
508,8,,HLT2705,BEHEER,"Halte, NL:Q:32002705 Rijswijkseplein/Station HS",Rijswijkseplein 42,REI-0023,,,
509,9,,HLT2706,BEHEER,"Halte, NL:Q:32002706 Rijswijkseplein/Station HS",Rijswijkseplein 42,REI-0023,,,
510,10,,HLT2604,BEHEER,"Halte, NL:Q:32002604 Centraal Station",Rijnstraat 8,REI-0023,,,
511,11,,HLT2862,BEHEER,"Halte, NL:Q:32002862 Kalvermarkt-Stadhuis",Kalvermarkt 34,REI-0023,,,Aanpassen in Maximo
512,12,,HLT2863,BEHEER,"Halte, NL:Q:32002863 Kalvermarkt-Stadhuis",Kalvermarkt 34,REI-0023,,,Aanpassen in Maximo
513,,,,,,,,,,
514,,,,,,,,,,
515,PO: REI3N122,,Route: REI-N122,,,,,,,
516,Volgorde,Locatie,Activum,Activum status,Beschrijving activum/locatie,Beschrijving,Taakplan,Inspectieformulier,Naam,
517,1,,HLT3801,BEHEER,"Halte, NL:Q:32003801 Goudriaankade",Rijswijkseweg 59,REI-0023,,,
518,2,,HLT3802,BEHEER,"Halte, NL:Q:32003802 Goudriaankade",Rijswijkseweg 59,REI-0023,,,
519,3,,HLT0311,BEHEER,"Halte, NL:Q:32000311 Plesmanweg",Plesmanweg 20,REI-0023,,,
520,4,,HLT0312,BEHEER,"Halte, NL:Q:32000312 Plesmanweg",Plesmanweg 20,REI-0023,,,
521,5,,HLT0305,BEHEER,"Halte, NL:Q:32000305 Badhuisweg",Pompstationweg 7,REI-0023,,,
522,6,,HLT0306,BEHEER,"Halte, NL:Q:32000306 Badhuisweg",Pompstationweg 7,REI-0023,,,
523,7,,HLT0227,BEHEER,"Halte, NL:Q:32000227 Pompstationsweg",DoorniksestraatPompstationweg,REI-0023,,,
524,8,,HLT0228,BEHEER,"Halte, NL:Q:32000228 Pompstationsweg",DoorniksestraatPompstationweg,REI-0023,,,
525,9,,HLT0703,BEHEER,"Halte, NL:Q:32000703 Badhuiskade",Badhuiskade 4C,REI-0023,,,
526,10,,HLT0702,BEHEER,"Halte, NL:Q:32000702 Badhuiskade",Badhuiskade 4C,REI-0023,,,
527,11,,HLT0707,BEHEER,"Halte, NL:Q:32000707 Schev.slag/Beelden aan Zee",Gevers Deynootweg 59,REI-0023,,,
528,12,,HLT0706,BEHEER,"Halte, NL:Q:32000706 Schev.slag/Beelden aan Zee",Gevers Deynootweg 59,REI-0023,,,
529,13,,HLT0749,BEHEER,"Halte, NL:Q:32000749 Schev.slag/Beelden aan Zee",Geversdeynootweg,REI-0023,,,
530,15,,HLT0750,BEHEER,"Halte, NL:Q:32000750 Schev.slag/Beelden aan Zee",Geversdeynootweg,REI-0023,,,
531,15,,HLT0202,BEHEER,"Halte, NL:Q:32000202 Kurhaus",Gevers Deynootweg 662,REI-0023,,,
532,16,,HLT0204,BEHEER,"Halte, NL:Q:32000204 Kurhaus",Gevers Deynootweg 662,REI-0023,,,
533,17,,HLT0213,BEHEER,"Halte, NL:Q:32000213 Zwarte Pad",zwarte pad,REI-0023,,,
534,18,,HLT0212,BEHEER,"Halte, NL:Q:32000212 Zwarte Pad",zwarte pad,REI-0023,,,
535,19,,HLT0214,BEHEER,"Halte, NL:Q:32000214 Zwarte Pad",zwarte pad,REI-0023,,,
536,20,,HLT0215,BEHEER,"Halte, NL:Q:32000215 Zwarte Pad",zwarte pad,REI-0023,,,
537,21,,HLT0216,BEHEER,"Halte, NL:Q:32000216 Zwarte Pad",zwarte pad,REI-0023,,,
538,22,,HLT0203,BEHEER,Halte 0203 Zwarte pad,REI-POH Reinigen Abri (unit-230) en Hekwerk (unit-231),REI-0023,,,Verplaatst van N123
539,23,,HLT0207,BEHEER,"Halte, NL:Q:32000207 Zwarte Pad",REI-POH Reinigen Abri (unit-230) en Hekwerk (unit-231),REI-0023,,,Verplaatst van N123
540,24,,HLT0211,BEHEER,"Halte, NL:Q:32000211 Zwarte Pad",Zwarte Pad,REI-0023,,,Verplaatst van N123
541,,,,,,,,,,
542,PO: REI3N123,,Route: REI-N123,,,,,,,
543,Volgorde,Locatie,Activum,Activum status,Beschrijving activum/locatie,Beschrijving,Taakplan,Inspectieformulier,Naam,
544,1,12,HLT0801,BEHEER,"Halte, NL:Q:32000801 Zuiderstrand",Markenseplein 20,REI-0023,,,Verplaatst van N105
545,2,12,HLT0809,BEHEER,"Halte, NL:Q:32000809 Zuiderstrand",Markenseplein 20,REI-0023,,,Verplaatst van N105
546,3,12,HLT0802,BEHEER,"Halte, NL:Q:32000802 Zuiderstrand",Markenseplein 20,REI-0023,,,Toegevoegd stond niet in het PO
547,4,12,HLT0811,BEHEER,"Halte, NL:Q:32000811 Zuiderstrand",Markenseplein 20,REI-0023,,,Toegevoegd stond niet in het PO
548,5,12,HLT0805,BEHEER,"Halte, NL:Q:32000805 Tholensestraat",Duivelandsestraat 7,REI-0023,,,Verplaatst van N105
549,6,12,HLT0806,BEHEER,"Halte, NL:Q:32000806 Tholensestraat",Duivelandsestraat 7,REI-0023,,,Verplaatst van N105
550,7,12,HLT1302,BEHEER,"Halte, NL:Q:32001302 Doctor van Welylaan",Nieboerweg 202,REI-0023,,,Verplaatst van N106
551,8,12,HLT1301,BEHEER,"Halte, NL:Q:32001301 Doctor van Welylaan",Nieboerweg 202,REI-0023,,,Verplaatst van N106
552,9,12,HLT1205,BEHEER,"Halte, NL:Q:32001205 Sportlaan",Nieboerweg 241,REI-0023,,,Verplaatst van N114
553,10,12,HLT1206,BEHEER,"Halte, NL:Q:32001206 Sportlaan",Nieboerweg 241,REI-0023,,,Verplaatst van N114
554,11,12,HLT1211,BEHEER,"Halte, NL:Q:32001211 Goudenregenplein",Goudenregenstraat 170,REI-0023,,,Verplaatst van N114
555,12,12,HLT1212,BEHEER,"Halte, NL:Q:32001212 Goudenregenplein",Goudenregenstraat 66,REI-0023,,,Verplaatst van N114
556,13,12,HLT2007,BEHEER,"Halte, NL:Q:32002007 Fahrenheitstraat",Edisonstraat 145,REI-0023,,,Verplaatst van N103
557,14,12,HLT2008,BEHEER,"Halte, NL:Q:32002008 Fahrenheitstraat",Edisonstraat 145,REI-0023,,,Verplaatst van N103
558,15,12,HLT2015,BEHEER,"Halte, NL:Q:32002015 Copernicusplein",Edisonstraat 5,REI-0023,,,Verplaatst van N103
559,16,12,HLT2016,BEHEER,"Halte, NL:Q:32002016 Copernicusplein",Edisonstraat 15,REI-0023,,,Verplaatst van N103
560,17,12,HLT2104,BEHEER,"Halte, NL:Q:32002104 Weimarstraat",Beeklaan 263,REI-0023,,,Verplaatst van N103
561,18,12,HLT2103,BEHEER,"Halte, NL:Q:32002103 Weimarstraat",Beeklaan 262,REI-0023,,,Verplaatst van N103
562,19,12,HLT2107,BEHEER,"Halte, NL:Q:32002107 Cartesiusstraat",Beeklaan 185A,REI-0023,,,Verplaatst van N103
563,20,12,HLT2108,BEHEER,"Halte, NL:Q:32002108 Cartesiusstraat",Beeklaan 151,REI-0023,,,Verplaatst van N103
564,,,,,,,,,,
565,PO: REI3N201,,Route: REI-N201,,,,,,,
566,Volgorde,Locatie,Activum,Activum status,Beschrijving activum/locatie,Beschrijving,Taakplan,Inspectieformulier,Naam,
567,1,,HLT9115,BEHEER,"Halte, NL:Q:32009115 Abtswoudsepark",Gandhilaan 59 Delft,REI-0023,,,
568,2,,HLT9117,BEHEER,"Halte, NL:Q:32009117 Abtswoudsepark",Gandhilaan 59 Delft,REI-0023,,,
569,3,,HLS0011,BEHEER,"Halte, NL:Q:42000701 Abtswoudsepark",Gandhilaan 59 Delft,REI-0023,,,
570,4,,HLT9114,BEHEER,"Halte, NL:Q:32009114 Bikolaan",Afrikalaan 160 Delft,REI-0023,,,
571,5,,HLT9113,BEHEER,"Halte, NL:Q:32009113 Bikolaan",Afrikalaan 108 Delft,REI-0023,,,
572,6,,HLT9112,BEHEER,"Halte, NL:Q:32009112 Sadatweg",Sadatweg 2 Delft,REI-0023,,,
573,7,,HLT9111,BEHEER,"Halte, NL:Q:32009111 Sadatweg",Sadatweg 2 Delft,REI-0023,,,
574,8,,HLT9110,BEHEER,"Halte, NL:Q:32009110 Van der Slootsingel",Buitenhofdreef/Van der SlootsingelDelft,REI-0023,,,
575,9,,HLT9109,BEHEER,"Halte, NL:Q:32009109 Van der Slootsingel",Buitenhofdreef/Van der Slootsingel Delft,REI-0023,,,
576,10,,HLT9108,BEHEER,"Halte, NL:Q:32009108 Diepenbrockstraat",Buitenhofdreef 17 Delft,REI-0023,,,
577,11,,HLT9107,BEHEER,"Halte, NL:Q:32009107 Diepenbrockstraat",Buitenhofdreef 17 Delft,REI-0023,,,
578,12,,HLT9136,BEHEER,"Halte, NL:Q:32009136 Martinus Nijhofflaan",Martinus Nijhofflaan/Aart van der Leeuw Delftlaan,REI-0023,,,
579,13,,HLT9137,BEHEER,"Halte, NL:Q:32009137 Martinus Nijhofflaan",Martinus Nijhofflaan/Aart van der Leeuw Delftlaan,REI-0023,,,
580,14,,HLT9104,BEHEER,"Halte, NL:Q:42003202 /3202 De Hoven Passage",Papsouwselaan 131 Delft,REI-0023,,,
581,15,,HLT9103,BEHEER,"Halte, NL:Q:42003201 /3201 De Hoven Passage",Papsouwselaan 131 Delft,REI-0023,,,
582,16,,HLS0388,BEHEER,"Halte, NL:Q:42003902 Krakeelpolderweg",Westlandseweg 51 Delft,REI-0023,,,
583,17,,HLS0389,BEHEER,"Halte, NL:Q:42003901 Krakeelpolderweg",Westlandseweg 51 Delft,REI-0023,,,
584,18,,HLS0389,BEHEER,"Halte, NL:Q:42003901 Krakeelpolderweg",Westlandseweg 51 Delft,REI-0023,,,
585,,,,,,,,,,
586,PO: REI3N202,,Route: REI-N202,,,,,,,
587,Volgorde,Locatie,Activum,Activum status,Beschrijving activum/locatie,Beschrijving,Taakplan,Inspectieformulier,Naam,
588,1,,HLS0055,BEHEER,"Halte, NL:Q:42003601 Julianalaan",michiel de ruyterweg Delft,REI-0023,,,
589,2,,HLS0390,BEHEER,"Halte, NL:Q:42003602 Julianalaan",michiel de ruyterweg Delft,REI-0023,,,
590,3,,HLS0116,BEHEER,"Halte, NL:Q:42007801 Zuidpoort",Zuidwal Delft,REI-0023,,,
591,4,,HLS0117,BEHEER,"Halte, NL:Q:42007802 Zuidpoort",Zuidwal Delft,REI-0023,,,
592,5,,HLT9017,BEHEER,"Halte, NL:Q:32009017 Delft Station",Westvest/Stationsplein Delft,REI-0023,,,
593,6,,HLT9018,BEHEER,"Halte, NL:Q:32009018 Delft Station",Westvest/Stationsplein Delft,REI-0023,,,
594,7,,HLT9018,BEHEER,"Halte, NL:Q:32009018 Delft Station",Phoenixstraat 45 Delft,REI-0023,,,
595,8,,HLT9010,BEHEER,"Halte, NL:Q:32009010 Prinsenhof",Spoorsingel 89 Delft,REI-0023,,,
596,9,,HLT9009,BEHEER,"Halte, NL:Q:32009009 Prinsenhof",Spoorsingel 89 Delft,REI-0023,,,
597,10,,HLT9005,BEHEER,"Halte, NL:Q:32009005 Nieuwe Plantage",Spoorsingel 89 Delft,REI-0023,,,
598,11,,HLT9006,BEHEER,"Halte, NL:Q:32009006 Nieuwe Plantage",REI-POH Reinigen Abri (unit-230) en Hekwerk (unit-231),REI-0023,,,
599,12,,HLT9003,BEHEER,"Halte, NL:Q:32009003 Brasserskade",Vrijebanselaan 55 Delft,REI-0023,,,
600,13,,HLT9004,BEHEER,"Halte, NL:Q:32009004 Brasserskade",Vrijebanselaan 55 Delft,REI-0023,,,
